date,ex,ey,x,x1,x1f,x2,x2f,x3,x3f,x4,xq1,xq2,xq3,xq4,y,z1,z2,z3,z4
1900-01-01,0.167807664,-0.069221885,0,#N/A,#N/A,#N/A,#N/A,#N/A,#N/A,#N/A,#N/A,#N/A,#N/A,0,#N/A,#N/A,#N/A,#N/A,#N/A
1900-04-01,0.204526929,-0.494069939,0,#N/A,#N/A,#N/A,#N/A,#N/A,#N/A,#N/A,#N/A,#N/A,0,0,#N/A,#N/A,#N/A,#N/A,#N/A
1900-07-01,-0.034818909,0.749657018,0.965181091,0.965181091,#N/A,0.965181091,#N/A,0.965181091,#N/A,0.965181091,#N/A,0,0,0.965181091,#N/A,#N/A,#N/A,#N/A,#N/A
1900-10-01,0.588117634,-0.458558658,1.974190071,1.974190071,#N/A,1.974190071,#N/A,1.974190071,#N/A,1.974190071,0,0,0.965181091,1.974190071,1.276284133,#N/A,#N/A,#N/A,#N/A
1901-01-01,1.051168715,-1.232053719,3.226917179,3.226917179,#N/A,3.226917179,#N/A,3.226917179,#N/A,3.226917179,0,0.965181091,1.974190071,3.226917179,1.309518366,#N/A,#N/A,#N/A,#N/A
1901-04-01,-0.196749352,-0.20041072,2.883693549,2.883693549,#N/A,2.883693549,#N/A,2.883693549,#N/A,2.883693549,0.965181091,1.974190071,3.226917179,2.883693549,3.062084752,9.04998189,9.04998189,9.04998189,9.04998189
1901-07-01,1.336257706,-1.628900671,4.780501997,4.780501997,#N/A,4.780501997,#N/A,4.780501997,#N/A,4.780501997,1.974190071,3.226917179,2.883693549,4.780501997,2.587425028,12.8653028,12.8653028,12.8653028,12.8653028
1901-10-01,0.305226261,-0.638548824,4.370904479,4.370904479,#N/A,4.370904479,#N/A,4.370904479,#N/A,4.370904479,3.226917179,2.883693549,4.780501997,4.370904479,4.176955476,15.2620172,15.2620172,15.2620172,15.2620172
1902-01-01,-1.254258624,0.311631861,3.406303966,3.406303966,#N/A,3.406303966,#N/A,3.406303966,#N/A,3.406303966,2.883693549,4.780501997,4.370904479,3.406303966,5.171982858,15.44140399,15.44140399,15.44140399,15.44140399
1902-04-01,1.103388513,0.025268419,5.214271892,5.214271892,#N/A,5.214271892,#N/A,5.214271892,#N/A,5.214271892,4.780501997,4.370904479,3.406303966,5.214271892,5.468264002,17.77198233,17.77198233,17.77198233,17.77198233
1902-07-01,-1.113530936,2.1070217,3.334699407,3.334699407,#N/A,3.334699407,#N/A,3.334699407,#N/A,3.334699407,4.370904479,3.406303966,5.214271892,3.334699407,7.188566636,16.32617974,16.32617974,16.32617974,16.32617974
1902-10-01,2.066497135,2.039585522,6.486085655,6.486085655,#N/A,6.486085655,#N/A,6.486085655,#N/A,6.486085655,3.406303966,5.214271892,3.334699407,6.486085655,7.649925752,18.44136092,18.44136092,18.44136092,18.44136092
1903-01-01,0.52922765,0.327972712,5.457541674,5.457541674,#N/A,5.457541674,#N/A,5.457541674,#N/A,5.457541674,5.214271892,3.334699407,6.486085655,5.457541674,6.451122369,20.49259863,20.49259863,20.49259863,20.49259863
1903-04-01,-0.854882531,1.417984347,4.922568401,4.922568401,#N/A,4.922568401,#N/A,4.922568401,#N/A,4.922568401,3.334699407,6.486085655,5.457541674,4.922568401,7.468208131,20.20089514,20.20089514,20.20089514,20.20089514
1903-07-01,-0.597620773,-0.747498481,4.554423258,4.554423258,#N/A,4.554423258,#N/A,4.554423258,#N/A,4.554423258,6.486085655,5.457541674,4.922568401,4.554423258,5.607656266,21.42061899,21.42061899,21.42061899,21.42061899
1903-10-01,0.651407429,0.001448673,5.442204092,5.442204092,#N/A,5.442204092,#N/A,5.442204092,#N/A,5.442204092,5.457541674,4.922568401,4.554423258,5.442204092,6.09563303,20.37673743,20.37673743,20.37673743,20.37673743
1904-01-01,-0.690453597,-0.143972327,4.308197343,4.308197343,#N/A,4.308197343,#N/A,4.308197343,#N/A,4.308197343,4.922568401,4.554423258,5.442204092,4.308197343,5.662875946,19.22739309,19.22739309,19.22739309,19.22739309
1904-04-01,0.110708522,-2.365578125,5.010869096,5.010869096,#N/A,5.010869096,#N/A,5.010869096,#N/A,5.010869096,4.554423258,5.442204092,4.308197343,5.010869096,3.463345323,19.31569379,19.31569379,19.31569379,19.31569379
1904-07-01,-0.910251613,-0.605777013,3.817374963,3.817374963,#N/A,3.817374963,#N/A,3.817374963,#N/A,3.817374963,5.442204092,4.308197343,5.010869096,3.817374963,5.038884361,18.57864549,18.57864549,18.57864549,18.57864549
1904-10-01,1.063166925,0.095289428,5.594464549,5.594464549,#N/A,5.594464549,#N/A,5.594464549,#N/A,5.594464549,4.308197343,5.010869096,3.817374963,5.594464549,5.778015916,18.73090595,18.73090595,18.73090595,18.73090595
1905-01-01,-1.153597715,0.451313247,3.61113809,3.61113809,#N/A,3.61113809,#N/A,3.61113809,#N/A,3.61113809,5.010869096,3.817374963,5.594464549,3.61113809,5.959774922,18.0338467,18.0338467,18.0338467,18.0338467
1905-04-01,1.902379632,-1.121007431,6.584620688,6.584620688,#N/A,6.584620688,#N/A,6.584620688,#N/A,6.584620688,3.817374963,5.594464549,3.61113809,6.584620688,4.780892142,19.60759829,19.60759829,19.60759829,19.60759829
1905-07-01,-1.174867091,-2.100662572,3.90343642,3.90343642,#N/A,3.90343642,#N/A,3.90343642,#N/A,3.90343642,5.594464549,3.61113809,6.584620688,3.90343642,3.822752364,19.69365975,19.69365975,19.69365975,19.69365975
1905-10-01,-1.914439157,-0.41001196,3.280783686,3.280783686,#N/A,3.280783686,#N/A,3.280783686,#N/A,3.280783686,3.61113809,6.584620688,3.90343642,3.280783686,4.934982761,17.37997888,17.37997888,17.37997888,17.37997888
1906-01-01,-1.106055226,0.014811061,2.767632816,2.767632816,#N/A,2.767632816,#N/A,2.767632816,#N/A,2.767632816,6.584620688,3.90343642,3.280783686,2.767632816,5.148929464,16.53647361,16.53647361,16.53647361,16.53647361
1906-04-01,0.944604313,0.395942555,4.363970914,4.363970914,#N/A,4.363970914,#N/A,4.363970914,#N/A,4.363970914,3.90343642,3.280783686,2.767632816,4.363970914,4.974898514,14.31582384,14.31582384,14.31582384,14.31582384
1906-07-01,1.485839316,0.730533141,5.338480808,5.338480808,#N/A,5.338480808,#N/A,5.338480808,#N/A,5.338480808,3.280783686,2.767632816,4.363970914,5.338480808,5.668250197,15.75086822,15.75086822,15.75086822,15.75086822
1906-10-01,1.280730117,0.289337772,6.161710806,6.161710806,#N/A,6.161710806,#N/A,6.161710806,#N/A,6.161710806,2.767632816,4.363970914,5.338480808,6.161710806,5.947286609,18.63179534,18.63179534,18.63179534,18.63179534
1907-01-01,-1.762666996,0.421962788,3.83740965,3.83740965,#N/A,3.83740965,#N/A,3.83740965,#N/A,3.83740965,4.363970914,5.338480808,6.161710806,3.83740965,6.347355832,19.70157218,19.70157218,19.70157218,19.70157218
1907-04-01,-0.151719781,-0.900786059,4.847928401,4.847928401,#N/A,4.847928401,#N/A,4.847928401,#N/A,4.847928401,5.338480808,6.161710806,3.83740965,4.847928401,5.145596357,20.18552966,20.18552966,20.18552966,20.18552966
1907-07-01,-0.184844917,-1.260585113,4.289290304,4.289290304,#N/A,4.289290304,#N/A,4.289290304,#N/A,4.289290304,6.161710806,3.83740965,4.847928401,4.289290304,4.523499677,19.13633916,19.13633916,19.13633916,19.13633916
1907-10-01,-0.990187594,-0.541687223,3.664699888,3.664699888,#N/A,3.664699888,#N/A,3.664699888,#N/A,3.664699888,3.83740965,4.847928401,4.289290304,3.664699888,4.618144837,16.63932824,16.63932824,16.63932824,16.63932824
1908-01-01,-0.156636908,0.954072528,4.024959169,4.024959169,#N/A,4.024959169,#N/A,4.024959169,#N/A,4.024959169,4.847928401,4.289290304,3.664699888,4.024959169,6.160791968,16.82687776,16.82687776,16.82687776,16.82687776
1908-04-01,-0.387098215,0.883570429,3.688765408,3.688765408,#N/A,3.688765408,#N/A,3.688765408,#N/A,3.688765408,4.289290304,3.664699888,4.024959169,3.688765408,5.800499121,15.66771477,15.66771477,15.66771477,15.66771477
1908-07-01,-1.180355405,-0.982510546,2.905134425,2.905134425,#N/A,2.905134425,#N/A,2.905134425,#N/A,2.905134425,3.664699888,4.024959169,3.688765408,2.905134425,3.588379177,14.28355889,14.28355889,14.28355889,14.28355889
1908-10-01,-0.266203029,-0.641360178,3.371356904,3.371356904,#N/A,3.371356904,#N/A,3.371356904,#N/A,3.371356904,4.024959169,3.688765408,2.905134425,3.371356904,3.856193798,13.99021591,13.99021591,13.99021591,13.99021591
1909-01-01,-0.200357283,-0.054762189,3.310239249,3.310239249,#N/A,3.310239249,#N/A,3.310239249,#N/A,3.310239249,3.688765408,2.905134425,3.371356904,3.310239249,4.264111808,13.27549599,13.27549599,13.27549599,13.27549599
1909-04-01,0.939987568,-0.74300953,4.612626029,4.612626029,#N/A,4.612626029,#N/A,4.612626029,#N/A,4.612626029,2.905134425,3.371356904,3.310239249,4.612626029,3.806829622,14.19935661,14.19935661,14.19935661,14.19935661
1909-07-01,-0.78795065,0.296125247,3.381195461,3.381195461,#N/A,3.381195461,#N/A,3.381195461,#N/A,3.381195461,3.371356904,3.310239249,4.612626029,3.381195461,4.964979658,14.67541764,14.67541764,14.67541764,14.67541764
1909-10-01,0.183349845,-1.392172246,4.380878441,4.380878441,#N/A,4.380878441,#N/A,4.380878441,#N/A,4.380878441,3.310239249,4.612626029,3.381195461,4.380878441,3.529062549,15.68493918,15.68493918,15.68493918,15.68493918
1910-01-01,-0.286476546,-0.086623861,3.818353015,3.818353015,#N/A,3.818353015,#N/A,3.818353015,#N/A,3.818353015,4.612626029,3.381195461,4.380878441,3.818353015,4.961639375,16.19305295,16.19305295,16.19305295,16.19305295
1910-04-01,-0.700676043,0.007294857,3.579016539,3.579016539,#N/A,3.579016539,#N/A,3.579016539,#N/A,3.579016539,3.381195461,4.380878441,3.818353015,3.579016539,4.797155721,15.15944346,15.15944346,15.15944346,15.15944346
1910-07-01,-0.862717898,-0.159425797,3.096229924,3.096229924,#N/A,3.096229924,#N/A,3.096229924,#N/A,3.096229924,4.380878441,3.818353015,3.579016539,3.096229924,4.559193683,14.87447792,14.87447792,14.87447792,14.87447792
1910-10-01,0.537734861,1.109863421,4.207833446,4.207833446,#N/A,4.207833446,#N/A,4.207833446,#N/A,4.207833446,3.818353015,3.579016539,3.096229924,4.207833446,5.785221652,14.70143292,14.70143292,14.70143292,14.70143292
1911-01-01,0.323793509,0.374160359,4.245418856,4.245418856,#N/A,4.245418856,#N/A,4.245418856,#N/A,4.245418856,3.579016539,3.096229924,4.207833446,4.245418856,5.15628505,15.12849877,15.12849877,15.12849877,15.12849877
1911-04-01,-0.237595077,1.25760832,4.143705844,4.143705844,#N/A,4.143705844,#N/A,4.143705844,#N/A,4.143705844,3.096229924,4.207833446,4.245418856,4.143705844,6.180905337,15.69318807,15.69318807,15.69318807,15.69318807
1911-07-01,-0.176307232,-0.494315785,4.179342648,4.179342648,#N/A,4.179342648,#N/A,4.179342648,#N/A,4.179342648,4.207833446,4.245418856,4.143705844,4.179342648,4.699759414,16.77630079,16.77630079,16.77630079,16.77630079
1911-10-01,0.87073162,1.161101381,5.199951016,5.199951016,#N/A,5.199951016,#N/A,5.199951016,#N/A,5.199951016,4.245418856,4.143705844,4.179342648,5.199951016,6.603205972,17.76841836,17.76841836,17.76841836,17.76841836
1912-01-01,-0.807039655,0.599864223,3.944677811,3.944677811,#N/A,3.944677811,#N/A,3.944677811,#N/A,3.944677811,4.143705844,4.179342648,5.199951016,3.944677811,5.966783553,17.46767732,17.46767732,17.46767732,17.46767732
1912-04-01,-0.133375081,-1.315578475,4.52447645,4.52447645,#N/A,4.52447645,#N/A,4.52447645,#N/A,4.52447645,4.179342648,5.199951016,3.944677811,4.52447645,4.146533506,17.84844793,17.84844793,17.84844793,17.84844793
1912-07-01,0.256707699,-0.38047265,4.644369404,4.644369404,#N/A,4.644369404,#N/A,4.644369404,#N/A,4.644369404,5.199951016,3.944677811,4.52447645,4.644369404,5.197896021,18.31347468,18.31347468,18.31347468,18.31347468
1912-10-01,1.235507055,-1.436048746,5.903045396,5.903045396,#N/A,5.903045396,#N/A,5.903045396,#N/A,5.903045396,3.944677811,4.52447645,4.644369404,5.903045396,4.318093519,19.01656906,19.01656906,19.01656906,19.01656906
1913-01-01,-0.714076746,1.045479661,4.504889174,4.504889174,#N/A,4.504889174,#N/A,4.504889174,#N/A,4.504889174,4.52447645,4.644369404,5.903045396,4.504889174,6.939674767,19.57678042,19.57678042,19.57678042,19.57678042
1913-04-01,-1.277494645,0.803651496,3.885679182,3.885679182,#N/A,3.885679182,#N/A,3.885679182,#N/A,3.885679182,4.644369404,5.903045396,4.504889174,3.885679182,6.538147285,18.93798316,18.93798316,18.93798316,18.93798316
1913-07-01,-0.250697101,-0.95707829,4.105530241,4.105530241,#N/A,4.105530241,#N/A,4.105530241,#N/A,4.105530241,5.903045396,4.504889174,3.885679182,4.105530241,4.642707708,18.39914399,18.39914399,18.39914399,18.39914399
1913-10-01,-1.495153498,0.307196347,2.701330271,2.701330271,#N/A,2.701330271,#N/A,2.701330271,#N/A,2.701330271,4.504889174,3.885679182,4.105530241,2.701330271,5.106553564,15.19742887,15.19742887,15.19742887,15.19742887
1914-01-01,0.559942978,0.818679189,4.282687183,4.282687183,#N/A,4.282687183,#N/A,4.282687183,#N/A,4.282687183,3.885679182,4.105530241,2.701330271,4.282687183,5.562485908,14.97522688,14.97522688,14.97522688,14.97522688
1914-04-01,-1.972922205,0.804770483,1.820684777,1.820684777,#N/A,1.820684777,#N/A,1.820684777,#N/A,1.820684777,4.105530241,2.701330271,4.282687183,1.820684777,5.032328601,12.91023247,12.91023247,12.91023247,12.91023247
1914-07-01,-0.290944716,1.039440175,3.150404068,3.150404068,#N/A,3.150404068,#N/A,3.150404068,#N/A,3.150404068,2.701330271,4.282687183,1.820684777,3.150404068,5.028216749,11.9551063,11.9551063,11.9551063,11.9551063
1914-10-01,-1.154239331,-1.526489745,1.834196207,1.834196207,#N/A,1.834196207,#N/A,1.834196207,#N/A,1.834196207,4.282687183,1.820684777,3.150404068,1.834196207,2.245503313,11.08797223,11.08797223,11.08797223,11.08797223
1915-01-01,0.663626781,-2.033032171,3.657466891,3.657466891,#N/A,3.657466891,#N/A,3.657466891,#N/A,3.657466891,1.820684777,3.150404068,1.834196207,3.657466891,1.582655815,10.46275194,10.46275194,10.46275194,10.46275194
1915-04-01,0.065263722,2.059459803,3.261928961,3.261928961,#N/A,3.261928961,#N/A,3.261928961,#N/A,3.261928961,3.150404068,1.834196207,3.657466891,3.261928961,6.035458834,11.90399613,11.90399613,11.90399613,11.90399613
1915-07-01,2.385109841,-0.077497986,6.152868182,6.152868182,#N/A,6.152868182,#N/A,6.152868182,#N/A,6.152868182,1.834196207,3.657466891,3.261928961,6.152868182,4.649117074,14.90646024,14.90646024,14.90646024,14.90646024
1915-10-01,-1.113166391,0.083382565,3.652752466,3.652752466,#N/A,3.652752466,#N/A,3.652752466,#N/A,3.652752466,3.657466891,3.261928961,6.152868182,3.652752466,5.26463669,16.7250165,16.7250165,16.7250165,16.7250165
1916-01-01,0.692023462,-0.661991872,5.614271721,5.614271721,#N/A,5.614271721,#N/A,5.614271721,#N/A,5.614271721,3.261928961,6.152868182,3.652752466,5.614271721,5.00846346,18.68182133,18.68182133,18.68182133,18.68182133
1916-04-01,-1.116928022,1.167196081,3.589881653,3.589881653,#N/A,3.589881653,#N/A,3.589881653,#N/A,3.589881653,6.152868182,3.652752466,5.614271721,3.589881653,6.919639586,19.00977402,19.00977402,19.00977402,19.00977402
1916-07-01,-0.105986237,1.140106587,4.575675112,4.575675112,#N/A,4.575675112,#N/A,4.575675112,#N/A,4.575675112,3.652752466,5.614271721,3.589881653,4.575675112,6.498251825,17.43258095,17.43258095,17.43258095,17.43258095
1916-10-01,-0.076596672,-0.806617147,4.189626034,4.189626034,#N/A,4.189626034,#N/A,4.189626034,#N/A,4.189626034,5.614271721,3.589881653,4.575675112,4.189626034,4.685746483,17.96945452,17.96945452,17.96945452,17.96945452
1917-01-01,-1.26397901,-0.416377468,3.242141449,3.242141449,#N/A,3.242141449,#N/A,3.242141449,#N/A,3.242141449,3.589881653,4.575675112,4.189626034,3.242141449,4.482953594,15.59732425,15.59732425,15.59732425,15.59732425
1917-04-01,-0.534580532,1.843782717,3.438126461,3.438126461,#N/A,3.438126461,#N/A,3.438126461,#N/A,3.438126461,4.575675112,4.189626034,3.242141449,3.438126461,6.705174982,15.44556906,15.44556906,15.44556906,15.44556906
1917-07-01,-0.730692357,0.074614495,2.941414807,2.941414807,#N/A,2.941414807,#N/A,2.941414807,#N/A,2.941414807,4.189626034,3.242141449,3.438126461,2.941414807,4.527441683,13.81130875,13.81130875,13.81130875,13.81130875
1917-10-01,0.44987693,-0.064673193,4.001693437,4.001693437,#N/A,4.001693437,#N/A,4.001693437,#N/A,4.001693437,3.242141449,3.438126461,2.941414807,4.001693437,4.341170846,13.62337615,13.62337615,13.62337615,13.62337615
1918-01-01,-1.866599937,-0.270562821,1.910643361,1.910643361,#N/A,1.910643361,#N/A,1.910643361,#N/A,1.910643361,3.438126461,2.941414807,4.001693437,1.910643361,3.802406696,12.29187807,12.29187807,12.29187807,12.29187807
1918-04-01,-0.180829456,-1.185710343,3.184105264,3.184105264,#N/A,3.184105264,#N/A,3.184105264,#N/A,3.184105264,2.941414807,4.001693437,1.910643361,3.184105264,2.823753874,12.03785687,12.03785687,12.03785687,12.03785687
1918-07-01,-0.967130492,-0.251488465,2.070768958,2.070768958,#N/A,2.070768958,#N/A,2.070768958,#N/A,2.070768958,4.001693437,1.910643361,3.184105264,2.070768958,3.54031429,11.16721102,11.16721102,11.16721102,11.16721102
1918-10-01,-0.653054321,0.414288948,2.448895367,2.448895367,#N/A,2.448895367,#N/A,2.448895367,#N/A,2.448895367,1.910643361,3.184105264,2.070768958,2.448895367,3.817892186,9.614412949,9.614412949,9.614412949,9.614412949
1919-01-01,0.655731004,-1.011346327,3.463596734,3.463596734,#N/A,3.463596734,#N/A,3.463596734,#N/A,3.463596734,3.184105264,2.070768958,2.448895367,3.463596734,2.780495254,11.16736632,11.16736632,11.16736632,11.16736632
1919-04-01,0.153102656,0.727092255,3.518099496,3.518099496,#N/A,3.518099496,#N/A,3.518099496,#N/A,3.518099496,2.070768958,2.448895367,3.463596734,3.518099496,4.602432393,11.50136056,11.50136056,11.50136056,11.50136056
1919-07-01,0.832499528,-0.336824796,4.62517802,4.62517802,#N/A,4.62517802,#N/A,4.62517802,#N/A,4.62517802,2.448895367,3.463596734,3.518099496,4.62517802,4.177117609,14.05576962,14.05576962,14.05576962,14.05576962
1919-10-01,0.284506474,-2.06766975,4.541817481,4.541817481,#N/A,4.541817481,#N/A,4.541817481,#N/A,4.541817481,3.463596734,3.518099496,4.62517802,4.541817481,2.969503183,16.14869173,16.14869173,16.14869173,16.14869173
1920-01-01,-0.560954309,0.47079951,4.105843891,4.105843891,#N/A,4.105843891,#N/A,4.105843891,#N/A,4.105843891,3.518099496,4.62517802,4.541817481,4.105843891,5.668534233,16.79093889,16.79093889,16.79093889,16.79093889
1920-04-01,1.263332382,0.61726491,5.722396931,5.722396931,#N/A,5.722396931,#N/A,5.722396931,#N/A,5.722396931,4.62517802,4.541817481,4.105843891,5.722396931,6.366073991,18.99523632,18.99523632,18.99523632,18.99523632
1920-07-01,1.302005863,-1.693322542,6.233302192,6.233302192,#N/A,6.233302192,#N/A,6.233302192,#N/A,6.233302192,4.541817481,4.105843891,5.722396931,6.233302192,4.457517581,20.6033605,20.6033605,20.6033605,20.6033605
1920-10-01,-0.028597618,-0.892791898,5.753682031,5.753682031,#N/A,5.753682031,#N/A,5.753682031,#N/A,5.753682031,4.105843891,5.722396931,6.233302192,5.753682031,5.561014363,21.81522505,21.81522505,21.81522505,21.81522505
1921-01-01,-1.422582941,0.961450501,4.372210748,4.372210748,#N/A,4.372210748,#N/A,4.372210748,#N/A,4.372210748,5.722396931,6.233302192,5.753682031,4.372210748,7.481848477,22.0815919,22.0815919,22.0815919,22.0815919
1921-04-01,-0.361262695,0.127318568,4.689094417,4.689094417,#N/A,4.689094417,#N/A,4.689094417,#N/A,4.689094417,6.233302192,5.753682031,4.372210748,4.689094417,6.389390915,21.04828939,21.04828939,21.04828939,21.04828939
1921-07-01,-0.071759628,0.969201635,4.552762438,4.552762438,#N/A,4.552762438,#N/A,4.552762438,#N/A,4.552762438,5.753682031,4.372210748,4.689094417,4.552762438,6.811139044,19.36774963,19.36774963,19.36774963,19.36774963
1921-10-01,1.282062173,0.369372689,5.978804915,5.978804915,#N/A,5.978804915,#N/A,5.978804915,#N/A,5.978804915,4.372210748,4.689094417,4.552762438,5.978804915,6.267590819,19.59287252,19.59287252,19.59287252,19.59287252
1922-01-01,0.945091363,0.99215314,6.157718304,6.157718304,#N/A,6.157718304,#N/A,6.157718304,#N/A,6.157718304,4.689094417,4.552762438,5.978804915,6.157718304,7.336748159,21.37838007,21.37838007,21.37838007,21.37838007
1922-04-01,-1.839379531,0.078202192,4.015229757,4.015229757,#N/A,4.015229757,#N/A,4.015229757,#N/A,4.015229757,4.552762438,5.978804915,6.157718304,4.015229757,6.254331046,20.70451541,20.70451541,20.70451541,20.70451541
1922-07-01,-1.906348756,-1.136978374,3.162830468,3.162830468,#N/A,3.162830468,#N/A,3.162830468,#N/A,3.162830468,5.978804915,6.157718304,4.015229757,3.162830468,4.691667487,19.31458344,19.31458344,19.31458344,19.31458344
1922-10-01,-0.395439484,-0.588867066,3.475784605,3.475784605,#N/A,3.475784605,#N/A,3.475784605,#N/A,3.475784605,6.157718304,4.015229757,3.162830468,3.475784605,4.614023717,16.81156313,16.81156313,16.81156313,16.81156313
1923-01-01,1.096214174,-0.990441717,4.751660204,4.751660204,#N/A,4.751660204,#N/A,4.751660204,#N/A,4.751660204,4.015229757,3.162830468,3.475784605,4.751660204,3.860934542,15.40550503,15.40550503,15.40550503,15.40550503
1923-04-01,0.351000916,-0.517897916,4.64197884,4.64197884,#N/A,4.64197884,#N/A,4.64197884,#N/A,4.64197884,3.162830468,3.475784605,4.751660204,4.64197884,4.490165613,16.03225412,16.03225412,16.03225412,16.03225412
1923-07-01,0.609011848,0.366126782,5.366467466,5.366467466,#N/A,5.366467466,#N/A,5.366467466,#N/A,5.366467466,3.475784605,4.751660204,4.64197884,5.366467466,5.925099561,18.23589112,18.23589112,18.23589112,18.23589112
1923-10-01,-2.218725998,-0.377973719,2.784652525,2.784652525,#N/A,2.784652525,#N/A,2.784652525,#N/A,2.784652525,4.751660204,4.64197884,5.366467466,2.784652525,5.008216039,17.54475903,17.54475903,17.54475903,17.54475903
1924-01-01,-0.07565684,2.265556703,4.184791157,4.184791157,#N/A,4.184791157,#N/A,4.184791157,#N/A,4.184791157,4.64197884,5.366467466,2.784652525,4.184791157,7.5100292,16.97788999,16.97788999,16.97788999,16.97788999
1924-04-01,0.532594293,0.015271754,4.320371765,4.320371765,#N/A,4.320371765,#N/A,4.320371765,#N/A,4.320371765,5.366467466,2.784652525,4.184791157,4.320371765,5.179342482,16.65628291,16.65628291,16.65628291,16.65628291
1924-07-01,-1.158305635,-0.769955277,3.243759533,3.243759533,#N/A,3.243759533,#N/A,3.243759533,#N/A,3.243759533,2.784652525,4.184791157,4.320371765,3.243759533,3.863438468,14.53357498,14.53357498,14.53357498,14.53357498
1924-10-01,1.696936742,0.946035863,5.722589262,5.722589262,#N/A,5.722589262,#N/A,5.722589262,#N/A,5.722589262,4.184791157,4.320371765,3.243759533,5.722589262,6.313913792,17.47151172,17.47151172,17.47151172,17.47151172
1925-01-01,0.311142495,1.522077313,4.897682013,4.897682013,#N/A,4.897682013,#N/A,4.897682013,#N/A,4.897682013,4.320371765,3.243759533,5.722589262,4.897682013,7.068177956,18.18440257,18.18440257,18.18440257,18.18440257
1925-04-01,2.034885014,-1.357743719,7.282993524,7.282993524,#N/A,7.282993524,#N/A,7.282993524,#N/A,7.282993524,3.243759533,5.722589262,4.897682013,7.282993524,4.929012364,21.14702433,21.14702433,21.14702433,21.14702433
1925-07-01,-1.276854808,0.141170666,4.595415407,4.595415407,#N/A,4.595415407,#N/A,4.595415407,#N/A,4.595415407,5.722589262,4.897682013,7.282993524,4.595415407,6.765840717,22.4986802,22.4986802,22.4986802,22.4986802
1925-10-01,0.991335165,0.591611198,6.742698737,6.742698737,#N/A,6.742698737,#N/A,6.742698737,#N/A,6.742698737,4.897682013,7.282993524,4.595415407,6.742698737,7.471308618,23.51878968,23.51878968,23.51878968,23.51878968
1926-01-01,0.077750105,-1.498154255,5.612995763,5.612995763,#N/A,5.612995763,#N/A,5.612995763,#N/A,5.612995763,7.282993524,4.595415407,6.742698737,5.612995763,5.560371603,24.23410343,24.23410343,24.23410343,24.23410343
1926-04-01,0.492993729,-1.498730517,6.435271528,6.435271528,#N/A,6.435271528,#N/A,6.435271528,#N/A,6.435271528,4.595415407,6.742698737,5.612995763,6.435271528,5.347864842,23.38638143,23.38638143,23.38638143,23.38638143
1926-07-01,1.200111007,-0.517822691,7.019417923,7.019417923,#N/A,7.019417923,#N/A,7.019417923,#N/A,7.019417923,6.742698737,5.612995763,6.435271528,7.019417923,6.934773297,25.81038395,25.81038395,25.81038395,25.81038395
1926-10-01,-0.401654499,-0.886527201,5.980221281,5.980221281,#N/A,5.980221281,#N/A,5.980221281,#N/A,5.980221281,5.612995763,6.435271528,7.019417923,5.980221281,6.375449423,25.0479065,25.0479065,25.0479065,25.0479065
1927-01-01,0.444663197,-0.097661286,6.644518879,6.644518879,#N/A,6.644518879,#N/A,6.644518879,#N/A,6.644518879,6.435271528,7.019417923,5.980221281,6.644518879,7.422196117,26.07942961,26.07942961,26.07942961,26.07942961
1927-04-01,1.294522974,-0.461483717,7.344419038,7.344419038,#N/A,7.344419038,#N/A,7.344419038,#N/A,7.344419038,7.019417923,5.980221281,6.644518879,7.344419038,7.285660563,26.98857712,26.98857712,26.98857712,26.98857712
1927-07-01,0.280146763,0.476638084,6.87572193,6.87572193,#N/A,6.87572193,#N/A,6.87572193,#N/A,6.87572193,5.980221281,6.644518879,7.344419038,6.87572193,8.187858366,26.84488113,26.84488113,26.84488113,26.84488113
1927-10-01,1.40710322,-0.5829587,8.095159607,8.095159607,#N/A,8.095159607,#N/A,8.095159607,#N/A,8.095159607,6.644518879,7.344419038,6.87572193,8.095159607,7.656996164,28.95981945,28.95981945,28.95981945,28.95981945
1928-01-01,-0.555066228,-0.514833915,6.433286387,6.433286387,#N/A,6.433286387,#N/A,6.433286387,#N/A,6.433286387,7.344419038,6.87572193,8.095159607,6.433286387,7.672312826,28.74858696,28.74858696,28.74858696,28.74858696
1928-04-01,-0.97817158,0.775365891,5.833206818,5.833206818,#N/A,5.833206818,#N/A,5.833206818,#N/A,5.833206818,6.87572193,8.095159607,6.433286387,5.833206818,8.584709577,27.23737474,27.23737474,27.23737474,27.23737474
1928-07-01,0.999512709,-0.734840207,6.906109991,6.906109991,#N/A,6.906109991,#N/A,6.906109991,#N/A,6.906109991,8.095159607,6.433286387,5.833206818,6.906109991,7.082100494,27.2677628,27.2677628,27.2677628,27.2677628
1928-10-01,-0.60217674,1.319093401,5.493549983,5.493549983,#N/A,5.493549983,#N/A,5.493549983,#N/A,5.493549983,6.433286387,5.833206818,6.906109991,5.493549983,8.485631696,24.66615318,24.66615318,24.66615318,24.66615318
1929-01-01,-1.119709407,-0.611474183,4.840154583,4.840154583,#N/A,4.840154583,#N/A,4.840154583,#N/A,4.840154583,5.833206818,6.906109991,5.493549983,4.840154583,6.156781161,23.07302138,23.07302138,23.07302138,23.07302138
1929-04-01,-0.286029937,1.576459667,4.847451889,4.847451889,#N/A,4.847451889,#N/A,4.847451889,#N/A,4.847451889,6.906109991,5.493549983,4.840154583,4.847451889,8.098276279,22.08726645,22.08726645,22.08726645,22.08726645
1929-07-01,-0.365143883,0.791451811,4.509898706,4.509898706,#N/A,4.509898706,#N/A,4.509898706,#N/A,4.509898706,5.493549983,4.840154583,4.847451889,4.509898706,6.714215602,19.69105516,19.69105516,19.69105516,19.69105516
1929-10-01,-0.568703432,1.277148772,4.174236806,4.174236806,#N/A,4.174236806,#N/A,4.174236806,#N/A,4.174236806,4.840154583,4.847451889,4.509898706,4.174236806,6.870084268,18.37174198,18.37174198,18.37174198,18.37174198
1930-01-01,0.577564509,0.249016003,5.051218714,5.051218714,#N/A,5.051218714,#N/A,5.051218714,#N/A,5.051218714,4.847451889,4.509898706,4.174236806,5.051218714,5.894717532,18.58280611,18.58280611,18.58280611,18.58280611
1930-04-01,-0.150856704,-2.025397183,4.539325504,4.539325504,#N/A,4.539325504,#N/A,4.539325504,#N/A,4.539325504,4.509898706,4.174236806,5.051218714,4.539325504,3.54327275,18.27467973,18.27467973,18.27467973,18.27467973
1930-07-01,0.154275209,0.859138917,4.990492896,4.990492896,#N/A,4.990492896,#N/A,4.990492896,#N/A,4.990492896,4.174236806,5.051218714,4.539325504,4.990492896,6.547957396,18.75527392,18.75527392,18.75527392,18.75527392
1930-10-01,-0.162237211,-2.052698495,4.649690148,4.649690148,#N/A,4.649690148,#N/A,4.649690148,#N/A,4.649690148,5.051218714,4.539325504,4.990492896,4.649690148,3.754983321,19.23072726,19.23072726,19.23072726,19.23072726
1931-01-01,-0.187771256,0.678168471,4.668301962,4.668301962,#N/A,4.668301962,#N/A,4.668301962,#N/A,4.668301962,4.539325504,4.990492896,4.649690148,4.668301962,6.390121099,18.84781051,18.84781051,18.84781051,18.84781051
1931-04-01,-0.391818072,-0.435716487,4.335378772,4.335378772,#N/A,4.335378772,#N/A,4.335378772,#N/A,4.335378772,4.990492896,4.649690148,4.668301962,4.335378772,5.225249458,18.64386378,18.64386378,18.64386378,18.64386378
1931-07-01,-1.31607221,1.342470072,3.285400083,3.285400083,#N/A,3.285400083,#N/A,3.285400083,#N/A,3.285400083,4.649690148,4.668301962,4.335378772,3.285400083,6.577162813,16.93877097,16.93877097,16.93877097,16.93877097
1931-10-01,0.581141225,-0.511694869,4.629452768,4.629452768,#N/A,4.629452768,#N/A,4.629452768,#N/A,4.629452768,4.668301962,4.335378772,3.285400083,4.629452768,4.717938527,16.91853358,16.91853358,16.91853358,16.91853358
1932-01-01,0.491124695,-1.418559891,4.657065835,4.657065835,#N/A,4.657065835,#N/A,4.657065835,#N/A,4.657065835,4.335378772,3.285400083,4.629452768,4.657065835,3.808264474,16.90729746,16.90729746,16.90729746,16.90729746
1932-04-01,-0.22443139,-1.334568818,4.490176051,4.490176051,#N/A,4.490176051,#N/A,4.490176051,#N/A,4.490176051,3.285400083,4.629452768,4.657065835,4.490176051,3.930954867,17.06209474,17.06209474,17.06209474,17.06209474
1932-07-01,-0.797097198,-0.224008482,3.861799556,3.861799556,#N/A,3.861799556,#N/A,3.861799556,#N/A,3.861799556,4.629452768,4.657065835,4.490176051,3.861799556,5.185615071,17.63849421,17.63849421,17.63849421,17.63849421
1932-10-01,0.147879282,0.47845969,4.488669525,4.488669525,#N/A,4.488669525,#N/A,4.488669525,#N/A,4.488669525,4.657065835,4.490176051,3.861799556,4.488669525,5.852887432,17.49771097,17.49771097,17.49771097,17.49771097
1933-01-01,1.483968026,0.262579674,5.824155659,5.824155659,#N/A,5.824155659,#N/A,5.824155659,#N/A,5.824155659,4.490176051,3.861799556,4.488669525,5.824155659,5.928779872,18.66480079,18.66480079,18.66480079,18.66480079
1933-04-01,1.085507523,-0.380576708,6.210637597,6.210637597,#N/A,6.210637597,#N/A,6.210637597,#N/A,6.210637597,3.861799556,4.488669525,5.824155659,6.210637597,5.715738876,20.38526234,20.38526234,20.38526234,20.38526234
1933-07-01,0.897033945,0.703332012,6.710951247,6.710951247,#N/A,6.710951247,#N/A,6.710951247,#N/A,6.710951247,4.488669525,5.824155659,6.210637597,6.710951247,7.51193552,23.23441403,23.23441403,23.23441403,23.23441403
1933-10-01,-0.596805308,0.731795698,5.571830229,5.571830229,#N/A,5.571830229,#N/A,5.571830229,#N/A,5.571830229,5.824155659,6.210637597,6.710951247,5.571830229,7.811189381,24.31757473,24.31757473,24.31757473,24.31757473
1934-01-01,-1.023977177,0.732572589,4.889135413,4.889135413,#N/A,4.889135413,#N/A,4.889135413,#N/A,4.889135413,6.210637597,6.710951247,5.571830229,4.889135413,7.578211211,23.38255449,23.38255449,23.38255449,23.38255449
1934-04-01,0.899408914,-1.553976774,6.083795171,6.083795171,#N/A,6.083795171,#N/A,6.083795171,#N/A,6.083795171,6.710951247,5.571830229,4.889135413,6.083795171,5.259951242,23.25571206,23.25571206,23.25571206,23.25571206
1934-07-01,-1.94546653,-0.072651099,3.443705704,3.443705704,#N/A,3.443705704,#N/A,3.443705704,#N/A,3.443705704,5.571830229,4.889135413,6.083795171,3.443705704,5.924465531,19.98846652,19.98846652,19.98846652,19.98846652
1934-10-01,-0.585227528,-0.362883052,4.225772822,4.225772822,#N/A,4.225772822,#N/A,4.225772822,#N/A,4.225772822,4.889135413,6.083795171,3.443705704,4.225772822,5.297719225,18.64240911,18.64240911,18.64240911,18.64240911
1935-01-01,-0.082307709,0.657522294,3.985483701,3.985483701,#N/A,3.985483701,#N/A,3.985483701,#N/A,3.985483701,6.083795171,3.443705704,4.225772822,3.985483701,6.092211644,17.7387574,17.7387574,17.7387574,17.7387574
1935-04-01,-0.107377265,0.220472501,4.177125344,4.177125344,#N/A,4.177125344,#N/A,4.177125344,#N/A,4.177125344,3.443705704,4.225772822,3.985483701,4.177125344,5.178494394,15.83208757,15.83208757,15.83208757,15.83208757
1935-07-01,2.416857152,0.108804698,6.681900769,6.681900769,#N/A,6.681900769,#N/A,6.681900769,#N/A,6.681900769,4.225772822,3.985483701,4.177125344,6.681900769,5.876375357,19.07028264,19.07028264,19.07028264,19.07028264
1935-10-01,-0.349530935,0.803092625,4.99407951,4.99407951,#N/A,4.99407951,#N/A,4.99407951,#N/A,4.99407951,3.985483701,4.177125344,6.681900769,4.99407951,6.762739956,19.83858932,19.83858932,19.83858932,19.83858932
1936-01-01,1.009822723,0.359385275,6.680214835,6.680214835,#N/A,6.680214835,#N/A,6.680214835,#N/A,6.680214835,4.177125344,6.681900769,4.99407951,6.680214835,6.99271539,22.53332046,22.53332046,22.53332046,22.53332046
1936-04-01,-0.074123325,0.9774054,5.595594413,5.595594413,#N/A,5.595594413,#N/A,5.595594413,#N/A,5.595594413,6.681900769,4.99407951,6.680214835,5.595594413,7.965352782,23.95178953,23.95178953,23.95178953,23.95178953
1936-07-01,0.929455752,-0.854679161,6.839779451,6.839779451,#N/A,6.839779451,#N/A,6.839779451,#N/A,6.839779451,4.99407951,6.680214835,5.595594413,6.839779451,6.172737891,24.10966821,24.10966821,24.10966821,24.10966821
1936-10-01,-0.80673023,0.800136114,5.167419315,5.167419315,#N/A,5.167419315,#N/A,5.167419315,#N/A,5.167419315,6.680214835,5.595594413,6.839779451,5.167419315,7.870888118,24.28300801,24.28300801,24.28300801,24.28300801
1937-01-01,-0.112991693,0.887214669,5.689887814,5.689887814,#N/A,5.689887814,#N/A,5.689887814,#N/A,5.689887814,5.595594413,6.839779451,5.167419315,5.689887814,7.710384917,23.29268099,23.29268099,23.29268099,23.29268099
1937-04-01,-1.127412367,-0.461854298,4.215510485,4.215510485,#N/A,4.215510485,#N/A,4.215510485,#N/A,4.215510485,6.839779451,5.167419315,5.689887814,4.215510485,6.016294968,21.91259706,21.91259706,21.91259706,21.91259706
1937-07-01,0.611582845,0.234722512,5.573742164,5.573742164,#N/A,5.573742164,#N/A,5.573742164,#N/A,5.573742164,5.167419315,5.689887814,4.215510485,5.573742164,6.396362457,20.64655978,20.64655978,20.64655978,20.64655978
1937-10-01,1.265626163,-0.222631128,6.181327223,6.181327223,#N/A,6.181327223,#N/A,6.181327223,#N/A,6.181327223,5.689887814,4.215510485,5.573742164,6.181327223,6.192485793,21.66046769,21.66046769,21.66046769,21.66046769
1938-01-01,0.111058761,0.766260968,5.813086516,5.813086516,#N/A,5.813086516,#N/A,5.813086516,#N/A,5.813086516,4.215510485,5.573742164,6.181327223,5.813086516,7.212177565,21.78366639,21.78366639,21.78366639,21.78366639
1938-04-01,-1.777802879,-0.82152015,4.019962616,4.019962616,#N/A,4.019962616,#N/A,4.019962616,#N/A,4.019962616,5.573742164,6.181327223,5.813086516,4.019962616,5.57550948,21.58811852,21.58811852,21.58811852,21.58811852
1938-07-01,1.268020202,0.310227501,6.201239854,6.201239854,#N/A,6.201239854,#N/A,6.201239854,#N/A,6.201239854,6.181327223,5.813086516,4.019962616,6.201239854,6.864131553,22.21561621,22.21561621,22.21561621,22.21561621
1938-10-01,-0.303110536,1.465604884,4.785370452,4.785370452,#N/A,4.785370452,#N/A,4.785370452,#N/A,4.785370452,5.813086516,4.019962616,6.201239854,4.785370452,7.670519743,20.81965944,20.81965944,20.81965944,20.81965944
1939-01-01,-1.054876553,-0.122816099,4.339767569,4.339767569,#N/A,4.339767569,#N/A,4.339767569,#N/A,4.339767569,4.019962616,6.201239854,4.785370452,4.339767569,5.713769024,19.34634049,19.34634049,19.34634049,19.34634049
1939-04-01,-0.551784121,-1.096874543,4.098271088,4.098271088,#N/A,4.098271088,#N/A,4.098271088,#N/A,4.098271088,6.201239854,4.785370452,4.339767569,4.098271088,4.759287697,19.42464896,19.42464896,19.42464896,19.42464896
1939-07-01,1.308403576,-1.246773554,5.683619039,5.683619039,#N/A,5.683619039,#N/A,5.683619039,#N/A,5.683619039,4.785370452,4.339767569,4.098271088,5.683619039,4.479983483,18.90702815,18.90702815,18.90702815,18.90702815
1939-10-01,-1.929495426,-0.482914053,2.983260625,2.983260625,#N/A,2.983260625,#N/A,2.983260625,#N/A,2.983260625,4.339767569,4.098271088,5.683619039,2.983260625,4.793315527,17.10491832,17.10491832,17.10491832,17.10491832
1940-01-01,1.152174048,-0.27568392,5.618925913,5.618925913,#N/A,5.618925913,#N/A,5.618925913,#N/A,5.618925913,4.098271088,5.683619039,2.983260625,5.618925913,5.320335246,18.38407666,18.38407666,18.38407666,18.38407666
1940-04-01,-0.436208971,0.518375927,4.004665644,4.004665644,#N/A,4.004665644,#N/A,4.004665644,#N/A,4.004665644,5.683619039,2.983260625,5.618925913,4.004665644,6.090993732,18.29047122,18.29047122,18.29047122,18.29047122
1940-07-01,-0.311491506,1.769871464,4.537945116,4.537945116,#N/A,4.537945116,#N/A,4.537945116,#N/A,4.537945116,2.983260625,5.618925913,4.004665644,4.537945116,7.056070788,17.1447973,17.1447973,17.1447973,17.1447973
1940-10-01,0.285532879,0.826701301,4.702577183,4.702577183,#N/A,4.702577183,#N/A,4.702577183,#N/A,4.702577183,5.618925913,4.004665644,4.537945116,4.702577183,6.542729765,18.86411386,18.86411386,18.86411386,18.86411386
1941-01-01,0.002501331,1.070046645,4.69871025,4.69871025,#N/A,4.69871025,#N/A,4.69871025,#N/A,4.69871025,4.004665644,4.537945116,4.702577183,4.69871025,6.556021194,17.94389819,17.94389819,17.94389819,17.94389819
1941-04-01,-0.414562144,-1.067742888,4.34595283,4.34595283,#N/A,4.34595283,#N/A,4.34595283,#N/A,4.34595283,4.537945116,4.702577183,4.69871025,4.34595283,4.503553456,18.28518538,18.28518538,18.28518538,18.28518538
1941-07-01,-0.040792491,-0.06904756,4.577072741,4.577072741,#N/A,4.577072741,#N/A,4.577072741,#N/A,4.577072741,4.702577183,4.69871025,4.34595283,4.577072741,5.512030691,18.324313,18.324313,18.324313,18.324313
1941-10-01,-1.548811327,-0.200266586,3.020398901,3.020398901,#N/A,3.020398901,#N/A,3.020398901,#N/A,3.020398901,4.69871025,4.34595283,4.577072741,3.020398901,4.960267095,16.64213472,16.64213472,16.64213472,16.64213472
1942-01-01,0.321636135,-0.301199745,4.360624792,4.360624792,#N/A,4.360624792,#N/A,4.360624792,#N/A,4.360624792,4.34595283,4.577072741,3.020398901,4.360624792,4.774812571,16.30404926,16.30404926,16.30404926,16.30404926
1942-04-01,-0.718219138,0.804796639,3.234190339,3.234190339,#N/A,3.234190339,#N/A,3.234190339,#N/A,3.234190339,4.577072741,3.020398901,4.360624792,3.234190339,5.602868332,15.19228677,15.19228677,15.19228677,15.19228677
1942-07-01,-0.737047068,1.797229242,3.300878984,3.300878984,#N/A,3.300878984,#N/A,3.300878984,#N/A,3.300878984,3.020398901,4.360624792,3.234190339,3.300878984,6.276252496,13.91609302,13.91609302,13.91609302,13.91609302
1942-10-01,-0.964788484,0.128812013,2.649239245,2.649239245,#N/A,2.649239245,#N/A,2.649239245,#N/A,2.649239245,4.360624792,3.234190339,3.300878984,2.649239245,4.515045353,13.54493336,13.54493336,13.54493336,13.54493336
1943-01-01,1.156713005,-0.450323566,4.536760296,4.536760296,#N/A,4.536760296,#N/A,4.536760296,#N/A,4.536760296,3.234190339,3.300878984,2.649239245,4.536760296,3.97994365,13.72106886,13.72106886,13.72106886,13.72106886
1943-04-01,-0.685734066,-0.50544901,3.188665751,3.188665751,#N/A,3.188665751,#N/A,3.188665751,#N/A,3.188665751,3.300878984,2.649239245,4.536760296,3.188665751,3.913437059,13.67554428,13.67554428,13.67554428,13.67554428
1943-07-01,-1.235884791,0.272037383,2.854285628,2.854285628,#N/A,2.854285628,#N/A,2.854285628,#N/A,2.854285628,2.649239245,4.536760296,3.188665751,2.854285628,4.579275113,13.22895092,13.22895092,13.22895092,13.22895092
1943-10-01,-1.681440296,0.369585131,1.735740255,1.735740255,#N/A,1.735740255,#N/A,1.735740255,#N/A,1.735740255,4.536760296,3.188665751,2.854285628,1.735740255,4.448448114,12.31545193,12.31545193,12.31545193,12.31545193
1944-01-01,1.338247775,-1.560524249,4.174258128,4.174258128,#N/A,4.174258128,#N/A,4.174258128,#N/A,4.174258128,3.188665751,2.854285628,1.735740255,4.174258128,2.427713192,11.95294976,11.95294976,11.95294976,11.95294976
1944-04-01,-1.222719045,0.459702471,2.141280308,2.141280308,#N/A,2.141280308,#N/A,2.141280308,#N/A,2.141280308,2.854285628,1.735740255,4.174258128,2.141280308,4.186093551,10.90556432,10.90556432,10.90556432,10.90556432
1944-07-01,0.530159539,0.764905302,4.056374914,4.056374914,#N/A,4.056374914,#N/A,4.056374914,#N/A,4.056374914,1.735740255,4.174258128,2.141280308,4.056374914,4.791818703,12.10765361,12.10765361,12.10765361,12.10765361
1944-10-01,-0.58599048,-2.220656745,2.893071608,2.893071608,#N/A,2.893071608,#N/A,2.893071608,#N/A,2.893071608,4.174258128,2.141280308,4.056374914,2.893071608,2.095589495,13.26498496,13.26498496,13.26498496,13.26498496
1945-01-01,1.017372757,0.592177903,4.797151366,4.797151366,#N/A,4.797151366,#N/A,4.797151366,#N/A,4.797151366,2.141280308,4.056374914,2.893071608,4.797151366,5.064147452,13.8878782,13.8878782,13.8878782,13.8878782
1945-04-01,-0.158811089,-1.070908422,3.917278101,3.917278101,#N/A,3.917278101,#N/A,3.917278101,#N/A,3.917278101,4.056374914,2.893071608,4.797151366,3.917278101,3.845060575,15.66387599,15.66387599,15.66387599,15.66387599
1945-07-01,0.365080638,2.476500688,4.850852424,4.850852424,#N/A,4.850852424,#N/A,4.850852424,#N/A,4.850852424,2.893071608,4.797151366,3.917278101,4.850852424,7.591089062,16.4583535,16.4583535,16.4583535,16.4583535
1945-10-01,0.115643367,-0.182185594,4.622895577,4.622895577,#N/A,4.622895577,#N/A,4.622895577,#N/A,4.622895577,4.797151366,3.917278101,4.850852424,4.622895577,5.364858773,18.18817747,18.18817747,18.18817747,18.18817747
1946-01-01,0.93276306,1.825240997,5.722262261,5.722262261,#N/A,5.722262261,#N/A,5.722262261,#N/A,5.722262261,3.917278101,4.850852424,4.622895577,5.722262261,7.603563088,19.11328836,19.11328836,19.11328836,19.11328836
1946-04-01,-0.183165337,1.257721246,4.954897799,4.954897799,#N/A,4.954897799,#N/A,4.954897799,#N/A,4.954897799,4.850852424,4.622895577,5.722262261,4.954897799,7.295448262,20.15090806,20.15090806,20.15090806,20.15090806
1946-07-01,1.24854538,-0.518306256,6.519409404,6.519409404,#N/A,6.519409404,#N/A,6.519409404,#N/A,6.519409404,4.622895577,5.722262261,4.954897799,6.519409404,5.936560004,21.81946504,21.81946504,21.81946504,21.81946504
1946-10-01,-2.062178512,-0.502128493,3.527544369,3.527544369,#N/A,3.527544369,#N/A,3.527544369,#N/A,3.527544369,5.722262261,4.954897799,6.519409404,3.527544369,5.678899965,20.72411383,20.72411383,20.72411383,20.72411383
1947-01-01,-1.135780131,0.237770752,3.883001378,3.883001378,#N/A,3.883001378,#N/A,3.883001378,#N/A,3.883001378,4.954897799,6.519409404,3.527544369,3.883001378,5.958983989,18.88485295,18.88485295,18.88485295,18.88485295
1947-04-01,-1.316994126,0.731791743,2.647224173,2.647224173,#N/A,2.647224173,#N/A,2.647224173,#N/A,2.647224173,6.519409404,3.527544369,3.883001378,2.647224173,5.876086574,16.57717932,16.57717932,16.57717932,16.57717932
1947-07-01,-0.35917009,-0.529871642,3.25292013,3.25292013,#N/A,3.25292013,#N/A,3.25292013,#N/A,3.25292013,3.527544369,3.883001378,2.647224173,3.25292013,3.79780087,13.31069005,13.31069005,13.31069005,13.31069005
1947-10-01,0.899319598,-1.28446147,4.25937732,4.25937732,#N/A,4.25937732,#N/A,4.25937732,#N/A,4.25937732,3.883001378,2.647224173,3.25292013,4.25937732,3.22616928,14.042523,14.042523,14.042523,14.042523
1948-01-01,-0.003382524,1.126738327,4.001536456,4.001536456,#N/A,4.001536456,#N/A,4.001536456,#N/A,4.001536456,2.647224173,3.25292013,4.25937732,4.001536456,5.667002846,14.16105808,14.16105808,14.16105808,14.16105808
1948-04-01,0.692165561,0.946973413,4.996531072,4.996531072,#N/A,4.996531072,#N/A,4.996531072,#N/A,4.996531072,3.25292013,4.25937732,4.001536456,4.996531072,6.074564657,16.51036498,16.51036498,16.51036498,16.51036498
1948-07-01,1.175134796,-0.717495847,5.774361807,5.774361807,#N/A,5.774361807,#N/A,5.774361807,#N/A,5.774361807,4.25937732,4.001536456,4.996531072,5.774361807,5.040455817,19.03180665,19.03180665,19.03180665,19.03180665
1948-10-01,1.598757769,1.097660538,6.90711492,6.90711492,#N/A,6.90711492,#N/A,6.90711492,#N/A,6.90711492,4.001536456,4.996531072,5.774361807,6.90711492,7.517546602,21.67954426,21.67954426,21.67954426,21.67954426
1949-01-01,-0.235400722,0.412682822,5.837189969,5.837189969,#N/A,5.837189969,#N/A,5.837189969,#N/A,5.837189969,4.996531072,5.774361807,6.90711492,5.837189969,7.291482264,23.51519777,23.51519777,23.51519777,23.51519777
1949-04-01,0.707547337,0.17011446,6.805269293,6.805269293,#N/A,6.805269293,#N/A,6.805269293,#N/A,6.805269293,5.774361807,6.90711492,5.837189969,6.805269293,7.501098458,25.32393599,25.32393599,25.32393599,25.32393599
1949-07-01,-1.12263272,1.661033894,4.934350985,4.934350985,#N/A,4.934350985,#N/A,4.934350985,#N/A,4.934350985,6.90711492,5.837189969,6.805269293,4.934350985,8.782015186,24.48392517,24.48392517,24.48392517,24.48392517
1949-10-01,-1.380749111,-0.065365161,4.315099001,4.315099001,#N/A,4.315099001,#N/A,4.315099001,#N/A,4.315099001,5.837189969,6.805269293,4.934350985,4.315099001,6.407612151,21.89190925,21.89190925,21.89190925,21.89190925
1950-01-01,-1.846812647,-0.995836197,2.852967347,2.852967347,#N/A,2.852967347,#N/A,2.852967347,#N/A,2.852967347,6.805269293,4.934350985,4.315099001,2.852967347,4.73108546,18.90768663,18.90768663,18.90768663,18.90768663
1950-04-01,-2.189707607,-0.893079808,1.677518932,1.677518932,#N/A,1.677518932,#N/A,1.677518932,#N/A,1.677518932,4.934350985,4.315099001,2.852967347,1.677518932,3.551904259,13.77993626,13.77993626,13.77993626,13.77993626
1950-07-01,-0.093757515,1.573041701,2.718436996,2.718436996,#N/A,2.718436996,#N/A,2.718436996,#N/A,2.718436996,4.315099001,2.852967347,1.677518932,2.718436996,5.46404727,11.56402228,11.56402228,11.56402228,11.56402228
1950-10-01,1.076244532,-0.868226728,3.834626903,3.834626903,#N/A,3.834626903,#N/A,3.834626903,#N/A,3.834626903,2.852967347,1.677518932,2.718436996,3.834626903,2.902660817,11.08355018,11.08355018,11.08355018,11.08355018
1951-01-01,0.250226282,0.861460678,3.871451842,3.871451842,#N/A,3.871451842,#N/A,3.871451842,#N/A,3.871451842,1.677518932,2.718436996,3.834626903,3.871451842,4.886969347,12.10203467,12.10203467,12.10203467,12.10203467
1951-04-01,-0.966408978,-0.477889537,3.11602252,3.11602252,#N/A,3.11602252,#N/A,3.11602252,#N/A,3.11602252,2.718436996,3.834626903,3.871451842,3.11602252,3.907245028,13.54053826,13.54053826,13.54053826,13.54053826
1951-07-01,2.296775104,0.947866248,6.091764849,6.091764849,#N/A,6.091764849,#N/A,6.091764849,#N/A,6.091764849,3.834626903,3.871451842,3.11602252,6.091764849,6.176332776,16.91386611,16.91386611,16.91386611,16.91386611
1951-10-01,0.349014049,-0.36205965,5.032128997,5.032128997,#N/A,5.032128997,#N/A,5.032128997,#N/A,5.032128997,3.871451842,3.11602252,6.091764849,5.032128997,5.165782402,18.11136821,18.11136821,18.11136821,18.11136821
1952-01-01,-2.39993206,1.18208911,3.049625478,3.049625478,#N/A,3.049625478,#N/A,3.049625478,#N/A,3.049625478,3.11602252,6.091764849,5.032128997,3.049625478,6.504474571,17.28954184,17.28954184,17.28954184,17.28954184
1952-04-01,1.16873837,0.844186728,5.40144016,5.40144016,#N/A,5.40144016,#N/A,5.40144016,#N/A,5.40144016,6.091764849,5.032128997,3.049625478,5.40144016,6.737926599,19.57495948,19.57495948,19.57495948,19.57495948
1952-07-01,-0.233131583,1.415086912,4.147294672,4.147294672,#N/A,4.147294672,#N/A,4.147294672,#N/A,4.147294672,5.032128997,3.049625478,5.40144016,4.147294672,6.822709239,17.63048931,17.63048931,17.63048931,17.63048931
1952-10-01,0.477448804,-1.513149004,5.296942737,5.296942737,#N/A,5.296942737,#N/A,5.296942737,#N/A,5.296942737,3.049625478,5.40144016,4.147294672,5.296942737,3.960676757,17.89530305,17.89530305,17.89530305,17.89530305
1953-01-01,-0.67289902,0.004103536,4.104795943,4.104795943,#N/A,4.104795943,#N/A,4.104795943,#N/A,4.104795943,5.40144016,4.147294672,5.296942737,4.104795943,5.741721914,18.95047351,18.95047351,18.95047351,18.95047351
1953-04-01,1.720208862,0.121887643,6.480904334,6.480904334,#N/A,6.480904334,#N/A,6.480904334,#N/A,6.480904334,4.147294672,5.296942737,4.104795943,6.480904334,6.129372064,20.02993769,20.02993769,20.02993769,20.02993769
1953-07-01,-1.926650648,-0.122769337,3.307629463,3.307629463,#N/A,3.307629463,#N/A,3.307629463,#N/A,3.307629463,5.296942737,4.104795943,6.480904334,3.307629463,5.674798782,19.19027248,19.19027248,19.19027248,19.19027248
1953-10-01,1.686325204,-0.160604081,6.601738723,6.601738723,#N/A,6.601738723,#N/A,6.601738723,#N/A,6.601738723,4.104795943,6.480904334,3.307629463,6.601738723,5.963163034,20.49506846,20.49506846,20.49506846,20.49506846
1954-01-01,1.304183973,0.417753358,6.267931247,6.267931247,#N/A,6.267931247,#N/A,6.267931247,#N/A,6.267931247,6.480904334,3.307629463,6.601738723,6.267931247,7.0823043,22.65820377,22.65820377,22.65820377,22.65820377
1954-04-01,0.00993838,0.207657501,6.157806368,6.157806368,#N/A,6.157806368,#N/A,6.157806368,#N/A,6.157806368,3.307629463,6.601738723,6.267931247,6.157806368,6.791433951,22.3351058,22.3351058,22.3351058,22.3351058
1954-07-01,0.26083856,-1.22488534,6.231133606,6.231133606,#N/A,6.231133606,#N/A,6.231133606,#N/A,6.231133606,6.601738723,6.267931247,6.157806368,6.231133606,6.089767147,25.25860994,25.25860994,25.25860994,25.25860994
1954-10-01,1.157560194,-0.888590234,7.113136184,7.113136184,#N/A,7.113136184,#N/A,7.113136184,#N/A,7.113136184,6.267931247,6.157806368,6.231133606,7.113136184,6.553911617,25.77000741,25.77000741,25.77000741,25.77000741
1955-01-01,0.584645464,0.230154848,6.922353381,6.922353381,#N/A,6.922353381,#N/A,6.922353381,#N/A,6.922353381,6.157806368,6.231133606,7.113136184,6.922353381,7.836262233,26.42442954,26.42442954,26.42442954,26.42442954
1955-04-01,0.62646964,-0.798296051,7.240665465,7.240665465,#N/A,7.240665465,#N/A,7.240665465,#N/A,7.240665465,6.231133606,7.113136184,6.922353381,7.240665465,7.078526108,27.50728864,27.50728864,27.50728864,27.50728864
1955-07-01,0.171158505,-0.489975376,6.836366044,6.836366044,#N/A,6.836366044,#N/A,6.836366044,#N/A,6.836366044,7.113136184,6.922353381,7.240665465,6.836366044,7.538154892,28.11252107,28.11252107,28.11252107,28.11252107
1955-10-01,-0.465772093,-1.317186161,6.16504051,6.16504051,#N/A,6.16504051,#N/A,6.16504051,#N/A,6.16504051,6.922353381,7.240665465,6.836366044,6.16504051,6.473920189,27.1644254,27.1644254,27.1644254,27.1644254
1956-01-01,0.120046954,1.321891033,6.320609576,6.320609576,#N/A,6.320609576,#N/A,6.320609576,#N/A,6.320609576,7.240665465,6.836366044,6.16504051,6.320609576,8.962561431,26.5626816,26.5626816,26.5626816,26.5626816
1956-04-01,-0.845112087,-1.981244209,5.149147947,5.149147947,#N/A,5.149147947,#N/A,5.149147947,#N/A,5.149147947,6.836366044,6.16504051,6.320609576,5.149147947,5.13654681,24.47116408,24.47116408,24.47116408,24.47116408
1956-07-01,-0.417880236,-0.981458032,5.170022773,5.170022773,#N/A,5.170022773,#N/A,5.170022773,#N/A,5.170022773,6.16504051,6.320609576,5.149147947,5.170022773,5.719747169,22.80482081,22.80482081,22.80482081,22.80482081
1956-10-01,-0.861972973,-0.794234371,4.265695315,4.265695315,#N/A,4.265695315,#N/A,4.265695315,#N/A,4.265695315,6.320609576,5.149147947,5.170022773,4.265695315,5.432134532,20.90547561,20.90547561,20.90547561,20.90547561
1957-01-01,-1.289820214,0.580317064,3.484467022,3.484467022,#N/A,3.484467022,#N/A,3.484467022,#N/A,3.484467022,5.149147947,5.170022773,4.265695315,3.484467022,6.097650329,18.06933306,18.06933306,18.06933306,18.06933306
1957-04-01,0.657747321,0.1502021,4.757812256,4.757812256,#N/A,4.757812256,#N/A,4.757812256,#N/A,4.757812256,5.170022773,4.265695315,3.484467022,4.757812256,5.569701441,17.67799737,17.67799737,17.67799737,17.67799737
1957-07-01,-0.880604353,-0.078161796,3.416307358,3.416307358,#N/A,3.416307358,#N/A,3.416307358,#N/A,3.416307358,4.265695315,3.484467022,4.757812256,3.416307358,4.902908692,15.92428195,15.92428195,15.92428195,15.92428195
1957-10-01,1.646532944,-0.519728896,5.916180789,5.916180789,#N/A,5.916180789,#N/A,5.916180789,#N/A,5.916180789,3.484467022,4.757812256,3.416307358,5.916180789,4.87396296,17.57476742,17.57476742,17.57476742,17.57476742
1958-01-01,-0.89537837,1.766333161,3.837616889,3.837616889,#N/A,3.837616889,#N/A,3.837616889,#N/A,3.837616889,4.757812256,3.416307358,5.916180789,3.837616889,7.248312484,17.92791729,17.92791729,17.92791729,17.92791729
1958-04-01,0.379097765,-0.091532021,5.280616836,5.280616836,#N/A,5.280616836,#N/A,5.280616836,#N/A,5.280616836,3.416307358,5.916180789,3.837616889,5.280616836,5.521148448,18.45072187,18.45072187,18.45072187,18.45072187
1958-07-01,-0.242183472,-1.047051697,4.405110018,4.405110018,#N/A,4.405110018,#N/A,4.405110018,#N/A,4.405110018,5.916180789,3.837616889,5.280616836,4.405110018,4.812829436,19.43952453,19.43952453,19.43952453,19.43952453
1958-10-01,-1.192490714,-0.994944188,3.681800027,3.681800027,#N/A,3.681800027,#N/A,3.681800027,#N/A,3.681800027,3.837616889,5.280616836,4.405110018,3.681800027,4.306341755,17.20514377,17.20514377,17.20514377,17.20514377
1959-01-01,0.789507466,0.456526326,5.024271484,5.024271484,#N/A,5.024271484,#N/A,5.024271484,#N/A,5.024271484,5.280616836,4.405110018,3.681800027,5.024271484,6.054475917,18.39179837,18.39179837,18.39179837,18.39179837
1959-04-01,-1.024807681,-2.119967056,3.457620924,3.457620924,#N/A,3.457620924,#N/A,3.457620924,#N/A,3.457620924,4.405110018,3.681800027,5.024271484,3.457620924,3.022233558,16.56880245,16.56880245,16.56880245,16.56880245
1959-07-01,-0.650857022,0.859847019,3.741899942,3.741899942,#N/A,3.741899942,#N/A,3.741899942,#N/A,3.741899942,3.681800027,5.024271484,3.457620924,3.741899942,5.836245113,15.90559238,15.90559238,15.90559238,15.90559238
1959-10-01,2.30850161,0.540298837,6.188309956,6.188309956,#N/A,6.188309956,#N/A,6.188309956,#N/A,6.188309956,5.024271484,3.457620924,3.741899942,6.188309956,6.143324414,18.41210231,18.41210231,18.41210231,18.41210231
1960-01-01,-0.635984988,-0.575026143,4.336098971,4.336098971,#N/A,4.336098971,#N/A,4.336098971,#N/A,4.336098971,3.457620924,3.741899942,6.188309956,4.336098971,4.855956305,17.72392979,17.72392979,17.72392979,17.72392979
1960-04-01,-0.894853243,-0.904095947,4.314910328,4.314910328,#N/A,4.314910328,#N/A,4.314910328,#N/A,4.314910328,3.741899942,6.188309956,4.336098971,4.314910328,4.741208852,18.5812192,18.5812192,18.5812192,18.5812192
1960-07-01,0.622213385,-1.639101817,5.082617104,5.082617104,#N/A,5.082617104,#N/A,5.082617104,#N/A,5.082617104,6.188309956,4.336098971,4.314910328,5.082617104,4.341382273,19.92193636,19.92193636,19.92193636,19.92193636
1960-10-01,0.12424985,-0.998781067,4.883260822,4.883260822,#N/A,4.883260822,#N/A,4.883260822,#N/A,4.883260822,4.336098971,4.314910328,5.082617104,4.883260822,4.655440739,18.61688723,18.61688723,18.61688723,18.61688723
1961-01-01,-1.304129259,1.359019061,3.682221912,3.682221912,#N/A,3.682221912,#N/A,3.682221912,#N/A,3.682221912,4.314910328,5.082617104,4.883260822,3.682221912,6.849771602,17.96301017,17.96301017,17.96301017,17.96301017
1961-04-01,-1.2170141,-0.839505816,3.209178994,3.209178994,#N/A,3.209178994,#N/A,3.209178994,#N/A,3.209178994,5.082617104,4.883260822,3.682221912,3.209178994,4.374813892,16.85727883,16.85727883,16.85727883,16.85727883
1961-07-01,-1.116983242,0.732195624,2.63957712,2.63957712,#N/A,2.63957712,#N/A,2.63957712,#N/A,2.63957712,4.883260822,3.682221912,3.209178994,2.63957712,5.335755336,14.41423885,14.41423885,14.41423885,14.41423885
1961-10-01,-0.11478229,1.238616135,3.224720156,3.224720156,#N/A,3.224720156,#N/A,3.224720156,#N/A,3.224720156,3.682221912,3.209178994,2.63957712,3.224720156,5.42754068,12.75569818,12.75569818,12.75569818,12.75569818
1962-01-01,-0.277367994,0.878861792,3.068350917,3.068350917,#N/A,3.068350917,#N/A,3.068350917,#N/A,3.068350917,3.209178994,2.63957712,3.224720156,3.068350917,4.914318589,12.14182719,12.14182719,12.14182719,12.14182719
1962-04-01,-1.222209561,1.509884106,2.295018868,2.295018868,#N/A,2.295018868,#N/A,2.295018868,#N/A,2.295018868,2.63957712,3.224720156,3.068350917,2.295018868,5.316800872,11.22766706,11.22766706,11.22766706,11.22766706
1962-07-01,-0.77625868,0.541180192,2.369089234,2.369089234,#N/A,2.369089234,#N/A,2.369089234,#N/A,2.369089234,3.224720156,3.068350917,2.295018868,2.369089234,4.280474986,10.95717918,10.95717918,10.95717918,10.95717918
1962-10-01,0.212726676,-1.124353098,3.078369917,3.078369917,#N/A,3.078369917,#N/A,3.078369917,#N/A,3.078369917,3.068350917,2.295018868,2.369089234,3.078369917,2.578354136,10.81082894,10.81082894,10.81082894,10.81082894
1963-01-01,0.447215084,-1.184448596,3.626198745,3.626198745,#N/A,3.626198745,#N/A,3.626198745,#N/A,3.626198745,2.295018868,2.369089234,3.078369917,3.626198745,2.657720595,11.36867676,11.36867676,11.36867676,11.36867676
1963-04-01,0.050009367,1.216507461,3.731836831,3.731836831,#N/A,3.731836831,#N/A,3.731836831,#N/A,3.731836831,2.369089234,3.078369917,3.626198745,3.731836831,5.417881143,12.80549473,12.80549473,12.80549473,12.80549473
1963-07-01,-0.697490186,-1.401627008,3.245724045,3.245724045,#N/A,3.245724045,#N/A,3.245724045,#N/A,3.245724045,3.078369917,3.626198745,3.731836831,3.245724045,3.018905377,13.68212954,13.68212954,13.68212954,13.68212954
1963-10-01,-0.016108137,-0.301513904,3.774916214,3.774916214,#N/A,3.774916214,#N/A,3.774916214,#N/A,3.774916214,3.626198745,3.731836831,3.245724045,3.774916214,4.293155054,14.37867583,14.37867583,14.37867583,14.37867583
1964-01-01,0.985967899,-0.272926738,4.794224003,4.794224003,#N/A,4.794224003,#N/A,4.794224003,#N/A,4.794224003,3.731836831,3.245724045,3.774916214,4.794224003,4.613748535,15.54670109,15.54670109,15.54670109,15.54670109
1964-04-01,-1.246119945,-0.624262434,3.181536141,3.181536141,#N/A,3.181536141,#N/A,3.181536141,#N/A,3.181536141,3.245724045,3.774916214,4.794224003,3.181536141,4.124837667,14.9964004,14.9964004,14.9964004,14.9964004
1964-07-01,-1.833120635,-0.660175933,2.357183423,2.357183423,#N/A,2.357183423,#N/A,2.357183423,#N/A,2.357183423,3.774916214,4.794224003,3.181536141,2.357183423,3.866789012,14.10785978,14.10785978,14.10785978,14.10785978
1964-10-01,-1.623420366,-0.866186934,1.592067459,1.592067459,#N/A,1.592067459,#N/A,1.592067459,#N/A,1.592067459,4.794224003,3.181536141,2.357183423,1.592067459,3.115065823,11.92501103,11.92501103,11.92501103,11.92501103
1965-01-01,-0.399268365,-0.915080912,2.180431988,2.180431988,#N/A,2.180431988,#N/A,2.180431988,#N/A,2.180431988,3.181536141,2.357183423,1.592067459,2.180431988,2.412723841,9.311219012,9.311219012,9.311219012,9.311219012
1965-04-01,-0.339554592,1.03122346,2.169445188,2.169445188,#N/A,2.169445188,#N/A,2.169445188,#N/A,2.169445188,2.357183423,1.592067459,2.180431988,2.169445188,4.106005474,8.299128059,8.299128059,8.299128059,8.299128059
1965-07-01,1.021954029,-0.991224983,3.761904899,3.761904899,#N/A,3.761904899,#N/A,3.761904899,#N/A,3.761904899,1.592067459,2.180431988,2.169445188,3.761904899,2.434737401,9.703849535,9.703849535,9.703849535,9.703849535
1965-10-01,-0.308600389,0.3588359,3.063939645,3.063939645,#N/A,3.063939645,#N/A,3.063939645,#N/A,3.063939645,2.180431988,2.169445188,3.761904899,3.063939645,4.15276633,11.17572172,11.17572172,11.17572172,11.17572172
1966-01-01,0.763140178,-0.153334739,4.493477996,4.493477996,#N/A,4.493477996,#N/A,4.493477996,#N/A,4.493477996,2.169445188,3.761904899,3.063939645,4.493477996,4.218857193,13.48876773,13.48876773,13.48876773,13.48876773
1966-04-01,0.230081621,-0.814118697,4.253048678,4.253048678,#N/A,4.253048678,#N/A,4.253048678,#N/A,4.253048678,3.761904899,3.063939645,4.493477996,4.253048678,4.078974107,15.57237122,15.57237122,15.57237122,15.57237122
1966-07-01,0.618865146,0.452122801,5.117475815,5.117475815,#N/A,5.117475815,#N/A,5.117475815,#N/A,5.117475815,3.063939645,4.493477996,4.253048678,5.117475815,5.684108335,16.92794213,16.92794213,16.92794213,16.92794213
1966-10-01,-1.877808515,0.460069185,2.870401282,2.870401282,#N/A,2.870401282,#N/A,2.870401282,#N/A,2.870401282,4.493477996,4.253048678,5.117475815,2.870401282,5.643670128,16.73440377,16.73440377,16.73440377,16.73440377
1967-01-01,0.226937846,0.463085384,4.422088685,4.422088685,#N/A,4.422088685,#N/A,4.422088685,#N/A,4.422088685,4.253048678,5.117475815,2.870401282,4.422088685,5.628838999,16.66301446,16.66301446,16.66301446,16.66301446
1967-04-01,0.356948447,0.629242144,4.273944434,4.273944434,#N/A,4.273944434,#N/A,4.273944434,#N/A,4.273944434,5.117475815,2.870401282,4.422088685,4.273944434,5.800219699,16.68391022,16.68391022,16.68391022,16.68391022
1967-07-01,1.170134475,0.356637681,5.648547722,5.648547722,#N/A,5.648547722,#N/A,5.648547722,#N/A,5.648547722,2.870401282,4.422088685,4.273944434,5.648547722,5.660383212,17.21498212,17.21498212,17.21498212,17.21498212
1967-10-01,0.442472114,-0.353636852,5.411468976,5.411468976,#N/A,5.411468976,#N/A,5.411468976,#N/A,5.411468976,4.422088685,4.273944434,5.648547722,5.411468976,5.585375602,19.75604982,19.75604982,19.75604982,19.75604982
1968-01-01,-0.543089585,-1.98929103,4.880917095,4.880917095,#N/A,4.880917095,#N/A,4.880917095,#N/A,4.880917095,4.273944434,5.648547722,5.411468976,4.880917095,4.064428527,20.21487823,20.21487823,20.21487823,20.21487823
1968-04-01,0.293472689,-0.64114816,5.410427117,5.410427117,#N/A,5.410427117,#N/A,5.410427117,#N/A,5.410427117,5.648547722,5.411468976,4.880917095,5.410427117,5.696692067,21.35136091,21.35136091,21.35136091,21.35136091
1968-07-01,-0.690316641,-0.540955103,4.426221044,4.426221044,#N/A,4.426221044,#N/A,4.426221044,#N/A,4.426221044,5.411468976,4.880917095,5.410427117,4.426221044,5.491303455,20.12903423,20.12903423,20.12903423,20.12903423
1968-10-01,0.92293391,-1.296046225,5.857593175,5.857593175,#N/A,5.857593175,#N/A,5.857593175,#N/A,5.857593175,4.880917095,5.410427117,4.426221044,5.857593175,4.847743383,20.57515843,20.57515843,20.57515843,20.57515843
1969-01-01,0.359576227,0.717934983,5.473101914,5.473101914,#N/A,5.473101914,#N/A,5.473101914,#N/A,5.473101914,5.410427117,4.426221044,5.857593175,5.473101914,7.009770796,21.16734325,21.16734325,21.16734325,21.16734325
1969-04-01,0.48380033,-0.951831296,6.016078365,6.016078365,#N/A,6.016078365,#N/A,6.016078365,#N/A,6.016078365,4.426221044,5.857593175,5.473101914,6.016078365,5.491417329,21.7729945,21.7729945,21.7729945,21.7729945
1969-07-01,0.243291636,-0.225014181,5.838963748,5.838963748,#N/A,5.838963748,#N/A,5.838963748,#N/A,5.838963748,5.857593175,5.473101914,6.016078365,5.838963748,6.571420119,23.1857372,23.1857372,23.1857372,23.1857372
1969-10-01,-1.82563612,-1.049083519,3.916380725,3.916380725,#N/A,3.916380725,#N/A,3.916380725,#N/A,3.916380725,5.473101914,6.016078365,5.838963748,3.916380725,5.262047669,21.24452475,21.24452475,21.24452475,21.24452475
1970-01-01,0.002285097,1.33679961,4.904422887,4.904422887,#N/A,4.904422887,#N/A,4.904422887,#N/A,4.904422887,6.016078365,5.838963748,3.916380725,4.904422887,7.505761042,20.67584573,20.67584573,20.67584573,20.67584573
1970-04-01,-1.398223671,-0.086608442,3.130097774,3.130097774,#N/A,3.130097774,#N/A,3.130097774,#N/A,3.130097774,5.838963748,3.916380725,4.904422887,3.130097774,5.360857842,17.78986513,17.78986513,17.78986513,17.78986513
1970-07-01,-1.686753244,0.793459871,2.52705502,2.52705502,#N/A,2.52705502,#N/A,2.52705502,#N/A,2.52705502,3.916380725,4.904422887,3.130097774,2.52705502,5.412948973,14.47795641,14.47795641,14.47795641,14.47795641
1970-10-01,1.435108039,0.670318619,4.697969157,4.697969157,#N/A,4.697969157,#N/A,4.697969157,#N/A,4.697969157,4.904422887,3.130097774,2.52705502,4.697969157,5.485204828,15.25954484,15.25954484,15.25954484,15.25954484
1971-01-01,1.676469785,-0.031423467,5.566479456,5.566479456,#N/A,5.566479456,#N/A,5.566479456,#N/A,5.566479456,3.130097774,2.52705502,4.697969157,5.566479456,4.948976885,15.92160141,15.92160141,15.92160141,15.92160141
1971-04-01,-0.155188832,0.709897529,4.950590613,4.950590613,#N/A,4.950590613,#N/A,4.950590613,#N/A,4.950590613,2.52705502,4.697969157,5.566479456,4.950590613,6.145421091,17.74209425,17.74209425,17.74209425,17.74209425
1971-07-01,-1.005320392,-0.092051819,4.201507635,4.201507635,#N/A,4.201507635,#N/A,4.201507635,#N/A,4.201507635,4.697969157,5.566479456,4.950590613,4.201507635,5.762084896,19.41654686,19.41654686,19.41654686,19.41654686
1971-10-01,-1.46253484,-0.117732577,3.19830446,3.19830446,#N/A,3.19830446,#N/A,3.19830446,#N/A,3.19830446,5.566479456,4.950590613,4.201507635,3.19830446,5.361487965,17.91688216,17.91688216,17.91688216,17.91688216
1972-01-01,-1.092310849,0.573952159,2.867613989,2.867613989,#N/A,2.867613989,#N/A,2.867613989,#N/A,2.867613989,4.950590613,4.201507635,3.19830446,2.867613989,5.378456334,15.2180167,15.2180167,15.2180167,15.2180167
1972-04-01,-0.56954465,-0.0436753,2.856822729,2.856822729,#N/A,2.856822729,#N/A,2.856822729,#N/A,2.856822729,4.201507635,3.19830446,2.867613989,2.856822729,4.237386903,13.12424881,13.12424881,13.12424881,13.12424881
1972-07-01,0.649992165,1.017951015,3.939766852,3.939766852,#N/A,3.939766852,#N/A,3.939766852,#N/A,3.939766852,3.19830446,2.867613989,2.856822729,3.939766852,5.233578023,12.86250803,12.86250803,12.86250803,12.86250803
1972-10-01,2.712453727,1.021377167,6.43108956,6.43108956,#N/A,6.43108956,#N/A,6.43108956,#N/A,6.43108956,2.867613989,2.856822729,3.939766852,6.43108956,6.04520045,16.09529313,16.09529313,16.09529313,16.09529313
1973-01-01,-0.831612834,-1.134615761,4.316729731,4.316729731,#N/A,4.316729731,#N/A,4.316729731,#N/A,4.316729731,2.856822729,3.939766852,6.43108956,4.316729731,4.251486457,17.54440887,17.54440887,17.54440887,17.54440887
1973-04-01,-0.479845957,-2.121357672,4.819281759,4.819281759,#N/A,4.819281759,#N/A,4.819281759,#N/A,4.819281759,3.939766852,6.43108956,4.316729731,4.819281759,3.755359303,19.5068679,19.5068679,19.5068679,19.5068679
1973-07-01,0.523751219,-0.68764384,5.178155815,5.178155815,#N/A,5.178155815,#N/A,5.178155815,#N/A,5.178155815,6.43108956,4.316729731,4.819281759,5.178155815,5.498670377,20.74525686,20.74525686,20.74525686,20.74525686
1973-10-01,0.265055776,-0.13268011,5.264030806,5.264030806,#N/A,5.264030806,#N/A,5.264030806,#N/A,5.264030806,4.316729731,4.819281759,5.178155815,5.264030806,5.761869418,19.57819811,19.57819811,19.57819811,19.57819811
1974-01-01,-1.777367541,0.653272457,3.399507108,3.399507108,#N/A,3.399507108,#N/A,3.399507108,#N/A,3.399507108,4.819281759,5.178155815,5.264030806,3.399507108,6.318516329,18.66097549,18.66097549,18.66097549,18.66097549
1974-04-01,-0.622863437,0.416533208,3.842551728,3.842551728,#N/A,3.842551728,#N/A,3.842551728,#N/A,3.842551728,5.178155815,5.264030806,3.399507108,3.842551728,5.837594572,17.68424546,17.68424546,17.68424546,17.68424546
1974-07-01,-1.074947253,0.813353244,2.821876281,2.821876281,#N/A,2.821876281,#N/A,2.821876281,#N/A,2.821876281,5.264030806,3.399507108,3.842551728,2.821876281,5.645344724,15.32796592,15.32796592,15.32796592,15.32796592
1974-10-01,1.032039027,1.028408076,4.697810231,4.697810231,#N/A,4.697810231,#N/A,4.697810231,#N/A,4.697810231,3.399507108,3.842551728,2.821876281,4.697810231,5.718844413,14.76174535,14.76174535,14.76174535,14.76174535
1975-01-01,1.692762786,-0.876578084,5.700637392,5.700637392,#N/A,5.700637392,#N/A,5.700637392,#N/A,5.700637392,3.842551728,2.821876281,4.697810231,5.700637392,4.389140824,17.06287563,17.06287563,17.06287563,17.06287563
1975-04-01,-0.941179599,-0.42508053,4.218199451,4.218199451,#N/A,4.218199451,#N/A,4.218199451,#N/A,4.218199451,2.821876281,4.697810231,5.700637392,4.218199451,4.934550309,17.43852336,17.43852336,17.43852336,17.43852336
1975-07-01,-2.834774245,2.819873027,2.132760492,2.132760492,#N/A,2.132760492,#N/A,2.132760492,#N/A,2.132760492,4.697810231,5.700637392,4.218199451,2.132760492,8.007224918,16.74940757,16.74940757,16.74940757,16.74940757
1975-10-01,-0.193951199,-0.244630295,3.346432778,3.346432778,#N/A,3.346432778,#N/A,3.346432778,#N/A,3.346432778,5.700637392,4.218199451,2.132760492,3.346432778,4.604877233,15.39803011,15.39803011,15.39803011,15.39803011
1976-01-01,-1.034060061,-0.406407629,2.157617246,2.157617246,#N/A,2.157617246,#N/A,2.157617246,#N/A,2.157617246,4.218199451,2.132760492,3.346432778,2.157617246,3.557344863,11.85500997,11.85500997,11.85500997,11.85500997
1976-04-01,-2.362215046,0.858329182,0.839404964,0.839404964,#N/A,0.839404964,#N/A,0.839404964,#N/A,0.839404964,2.132760492,3.346432778,2.157617246,0.839404964,3.977383052,8.47621548,8.47621548,8.47621548,8.47621548
1976-07-01,-0.643749318,-1.790882373,1.555059566,1.555059566,#N/A,1.555059566,#N/A,1.555059566,#N/A,1.555059566,3.346432778,2.157617246,0.839404964,1.555059566,1.183746265,7.898514555,7.898514555,7.898514555,7.898514555
1976-10-01,0.575598215,0.453752883,2.533384028,2.533384028,#N/A,2.533384028,#N/A,2.533384028,#N/A,2.533384028,2.157617246,0.839404964,1.555059566,2.533384028,3.225119334,7.085465804,7.085465804,7.085465804,7.085465804
1977-01-01,1.714660255,0.363544759,4.350037693,4.350037693,#N/A,4.350037693,#N/A,4.350037693,#N/A,4.350037693,0.839404964,1.555059566,2.533384028,4.350037693,3.683016321,9.277886251,9.277886251,9.277886251,9.277886251
1977-04-01,0.086031732,1.588025752,3.83940042,3.83940042,#N/A,3.83940042,#N/A,3.83940042,#N/A,3.83940042,1.555059566,2.533384028,4.350037693,3.83940042,5.657496178,12.27788171,12.27788171,12.27788171,12.27788171
1977-07-01,0.59946098,0.829323818,4.875236225,4.875236225,#N/A,4.875236225,#N/A,4.875236225,#N/A,4.875236225,2.533384028,4.350037693,3.83940042,4.875236225,5.72883841,15.59805837,15.59805837,15.59805837,15.59805837
1977-10-01,1.48345623,-0.70083546,5.969310888,5.969310888,#N/A,5.969310888,#N/A,5.969310888,#N/A,5.969310888,4.350037693,3.83940042,4.875236225,5.969310888,5.057660847,19.03398523,19.03398523,19.03398523,19.03398523
1978-01-01,-0.531252879,1.263459475,4.806565966,4.806565966,#N/A,4.806565966,#N/A,4.806565966,#N/A,4.806565966,3.83940042,4.875236225,5.969310888,4.806565966,7.13608785,19.4905135,19.4905135,19.4905135,19.4905135
1978-04-01,-0.156069616,-0.970318994,5.154281126,5.154281126,#N/A,5.154281126,#N/A,5.154281126,#N/A,5.154281126,4.875236225,5.969310888,4.806565966,5.154281126,5.231029557,20.8053942,20.8053942,20.8053942,20.8053942
1978-07-01,0.35938701,1.499956767,5.343725847,5.343725847,#N/A,5.343725847,#N/A,5.343725847,#N/A,5.343725847,5.969310888,4.806565966,5.154281126,5.343725847,7.818427724,21.27388383,21.27388383,21.27388383,21.27388383
1978-10-01,-2.050557162,1.124793716,3.148645627,3.148645627,#N/A,3.148645627,#N/A,3.148645627,#N/A,3.148645627,4.806565966,5.154281126,5.343725847,3.148645627,6.738098357,18.45321857,18.45321857,18.45321857,18.45321857
1979-01-01,0.238108631,-0.147116542,4.635057221,4.635057221,#N/A,4.635057221,#N/A,4.635057221,#N/A,4.635057221,5.154281126,5.343725847,3.148645627,4.635057221,5.423310913,18.28170982,18.28170982,18.28170982,18.28170982
1979-04-01,0.304677556,2.569885227,4.418158695,4.418158695,#N/A,4.418158695,#N/A,4.418158695,#N/A,4.418158695,5.343725847,3.148645627,4.635057221,4.418158695,7.956282074,17.54558739,17.54558739,17.54558739,17.54558739
1979-07-01,-0.476560387,1.860905565,4.14472598,4.14472598,#N/A,4.14472598,#N/A,4.14472598,#N/A,4.14472598,3.148645627,4.635057221,4.418158695,4.14472598,6.947552446,16.34658752,16.34658752,16.34658752,16.34658752
1979-10-01,-0.429016635,0.693827303,3.996137235,3.996137235,#N/A,3.996137235,#N/A,3.996137235,#N/A,3.996137235,4.635057221,4.418158695,4.14472598,3.996137235,5.992347085,17.19407913,17.19407913,17.19407913,17.19407913
1980-01-01,-0.413034486,-0.569186087,3.8433108,3.8433108,#N/A,3.8433108,#N/A,3.8433108,#N/A,3.8433108,4.418158695,4.14472598,3.996137235,3.8433108,4.53139709,16.40233271,16.40233271,16.40233271,16.40233271
1980-04-01,-1.625720648,1.903536739,2.510058566,2.510058566,#N/A,2.510058566,#N/A,2.510058566,#N/A,2.510058566,4.14472598,3.996137235,3.8433108,2.510058566,6.527094884,14.49423258,14.49423258,14.49423258,14.49423258
1980-07-01,0.043966331,0.623725181,3.585314077,3.585314077,#N/A,3.585314077,#N/A,3.585314077,#N/A,3.585314077,3.996137235,3.8433108,2.510058566,3.585314077,5.10743035,13.93482068,13.93482068,13.93482068,13.93482068
1980-10-01,-0.986806674,0.421349744,2.451342383,2.451342383,#N/A,2.451342383,#N/A,2.451342383,#N/A,2.451342383,3.8433108,2.510058566,3.585314077,2.451342383,4.5188562,12.39002583,12.39002583,12.39002583,12.39002583
1981-01-01,-1.076697639,1.385484553,2.337964945,2.337964945,#N/A,2.337964945,#N/A,2.337964945,#N/A,2.337964945,2.510058566,3.585314077,2.451342383,2.337964945,5.106654546,10.88467997,10.88467997,10.88467997,10.88467997
1981-04-01,0.941032677,-1.189895894,3.856755609,3.856755609,#N/A,3.856755609,#N/A,3.856755609,#N/A,3.856755609,3.585314077,2.451342383,2.337964945,3.856755609,2.86794836,12.23137701,12.23137701,12.23137701,12.23137701
1981-07-01,2.593469679,-0.510497027,6.0713579,6.0713579,#N/A,6.0713579,#N/A,6.0713579,#N/A,6.0713579,2.451342383,2.337964945,3.856755609,6.0713579,4.168858182,14.71742084,14.71742084,14.71742084,14.71742084
1981-10-01,-0.944164488,-1.385065809,4.027080916,4.027080916,#N/A,4.027080916,#N/A,4.027080916,#N/A,4.027080916,2.337964945,3.856755609,6.0713579,4.027080916,3.688224034,16.29315937,16.29315937,16.29315937,16.29315937
1982-01-01,-0.090425418,-0.61783698,4.948950109,4.948950109,#N/A,4.948950109,#N/A,4.948950109,#N/A,4.948950109,3.856755609,6.0713579,4.027080916,4.948950109,5.108199154,18.90414453,18.90414453,18.90414453,18.90414453
1982-04-01,-0.5156323,-1.431885818,4.074780109,4.074780109,#N/A,4.074780109,#N/A,4.074780109,#N/A,4.074780109,6.0713579,4.027080916,4.948950109,4.074780109,4.348656441,19.12216903,19.12216903,19.12216903,19.12216903
1982-07-01,-1.221126908,0.645972364,3.388365179,3.388365179,#N/A,3.388365179,#N/A,3.388365179,#N/A,3.388365179,4.027080916,4.948950109,4.074780109,3.388365179,5.755766442,16.43917631,16.43917631,16.43917631,16.43917631
1982-10-01,-0.55405126,-0.073364274,3.431206855,3.431206855,#N/A,3.431206855,#N/A,3.431206855,#N/A,3.431206855,4.948950109,4.074780109,3.388365179,3.431206855,4.887461289,15.84330225,15.84330225,15.84330225,15.84330225
1983-01-01,-1.574861915,0.401848689,2.152966898,2.152966898,#N/A,2.152966898,#N/A,2.152966898,#N/A,2.152966898,4.074780109,3.388365179,3.431206855,2.152966898,4.66367845,13.04731904,13.04731904,13.04731904,13.04731904
1983-04-01,0.918590253,0.352982713,4.152259754,4.152259754,#N/A,4.152259754,#N/A,4.152259754,#N/A,4.152259754,3.388365179,3.431206855,2.152966898,4.152259754,4.634182385,13.12479869,13.12479869,13.12479869,13.12479869
1983-07-01,1.349501863,-0.172148189,4.871592524,4.871592524,#N/A,4.871592524,#N/A,4.871592524,#N/A,4.871592524,3.431206855,2.152966898,4.152259754,4.871592524,4.479858319,14.60802603,14.60802603,14.60802603,14.60802603
1983-10-01,-0.504079056,0.131398734,4.105461855,4.105461855,#N/A,4.105461855,#N/A,4.105461855,#N/A,4.105461855,2.152966898,4.152259754,4.871592524,4.105461855,4.951968992,15.28228103,15.28228103,15.28228103,15.28228103
1984-01-01,0.271760252,0.670849074,4.862582004,4.862582004,#N/A,4.862582004,#N/A,4.862582004,#N/A,4.862582004,4.152259754,4.871592524,4.105461855,4.862582004,6.168823109,17.99189614,17.99189614,17.99189614,17.99189614
1984-04-01,-0.562342196,-0.212097943,4.024875348,4.024875348,#N/A,4.024875348,#N/A,4.024875348,#N/A,4.024875348,4.871592524,4.105461855,4.862582004,4.024875348,5.254029989,17.86451173,17.86451173,17.86451173,17.86451173
1984-07-01,-1.405415702,0.056470393,3.149567238,3.149567238,#N/A,3.149567238,#N/A,3.149567238,#N/A,3.149567238,4.105461855,4.862582004,4.024875348,3.149567238,5.092092005,16.14248645,16.14248645,16.14248645,16.14248645
1984-10-01,0.443587729,0.383904207,4.313364764,4.313364764,#N/A,4.313364764,#N/A,4.313364764,#N/A,4.313364764,4.862582004,4.024875348,3.149567238,4.313364764,5.471501545,16.35038935,16.35038935,16.35038935,16.35038935
1985-01-01,0.938299454,1.306426406,4.923472255,4.923472255,#N/A,4.923472255,#N/A,4.923472255,#N/A,4.923472255,4.024875348,3.149567238,4.313364764,4.923472255,6.409246308,16.4112796,16.4112796,16.4112796,16.4112796
1985-04-01,0.144352441,-0.528762715,4.839087249,4.839087249,#N/A,4.839087249,#N/A,4.839087249,#N/A,4.839087249,3.149567238,4.313364764,4.923472255,4.839087249,4.777610161,17.22549151,17.22549151,17.22549151,17.22549151
1985-07-01,1.546179173,-0.23311438,6.451202974,6.451202974,#N/A,6.451202974,#N/A,6.451202974,#N/A,6.451202974,4.313364764,4.923472255,4.839087249,6.451202974,5.89866743,20.52712724,20.52712724,20.52712724,20.52712724
1985-10-01,-0.681158305,-0.430399322,4.834957784,4.834957784,#N/A,4.834957784,#N/A,4.834957784,#N/A,4.834957784,4.923472255,4.839087249,6.451202974,4.834957784,5.831780744,21.04872026,21.04872026,21.04872026,21.04872026
1986-01-01,0.769161315,0.265832102,6.283625618,6.283625618,#N/A,6.283625618,#N/A,6.283625618,#N/A,6.283625618,4.839087249,6.451202974,4.834957784,6.283625618,6.868050509,22.40887363,22.40887363,22.40887363,22.40887363
1986-04-01,1.024797217,-1.668133733,6.472230578,6.472230578,#N/A,6.472230578,#N/A,6.472230578,#N/A,6.472230578,6.451202974,4.834957784,6.283625618,6.472230578,5.342370505,24.04201695,24.04201695,24.04201695,24.04201695
1986-07-01,0.926308205,1.087360505,7.028650684,7.028650684,#N/A,7.028650684,#N/A,7.028650684,#N/A,7.028650684,4.834957784,6.283625618,6.472230578,7.028650684,8.242226672,24.61946466,24.61946466,24.61946466,24.61946466
1986-10-01,-0.360917016,-0.505646821,6.039435489,6.039435489,#N/A,6.039435489,#N/A,6.039435489,#N/A,6.039435489,6.283625618,6.472230578,7.028650684,6.039435489,6.950338771,25.82394237,25.82394237,25.82394237,25.82394237
1987-01-01,-0.425067329,1.056955116,5.802167141,5.802167141,#N/A,5.802167141,#N/A,5.802167141,#N/A,5.802167141,6.472230578,7.028650684,6.039435489,5.802167141,8.392576089,25.34248389,25.34248389,25.34248389,25.34248389
1987-04-01,0.390738367,-1.854833264,6.127379419,6.127379419,#N/A,6.127379419,#N/A,6.127379419,#N/A,6.127379419,7.028650684,6.039435489,5.802167141,6.127379419,5.39457492,24.99763273,24.99763273,24.99763273,24.99763273
1987-07-01,-0.565769288,-0.046594373,5.206049336,5.206049336,#N/A,5.206049336,#N/A,5.206049336,#N/A,5.206049336,6.039435489,5.802167141,6.127379419,5.206049336,6.747163473,23.17503138,23.17503138,23.17503138,23.17503138
1987-10-01,1.811709863,-1.597798044,7.345081365,7.345081365,#N/A,7.345081365,#N/A,7.345081365,#N/A,7.345081365,5.802167141,6.127379419,5.206049336,7.345081365,5.522371271,24.48067726,24.48067726,24.48067726,24.48067726
1988-01-01,0.714992802,2.105200388,6.735445082,6.735445082,#N/A,6.735445082,#N/A,6.735445082,#N/A,6.735445082,6.127379419,5.206049336,7.345081365,6.735445082,9.458689188,25.4139552,25.4139552,25.4139552,25.4139552
1988-04-01,1.426018772,-0.776329659,8.058229351,8.058229351,#N/A,8.058229351,#N/A,8.058229351,#N/A,8.058229351,5.206049336,7.345081365,6.735445082,8.058229351,7.059871624,27.34480513,27.34480513,27.34480513,27.34480513
1988-07-01,-0.802968909,1.043775857,6.114500864,6.114500864,#N/A,6.114500864,#N/A,6.114500864,#N/A,6.114500864,7.345081365,6.735445082,8.058229351,6.114500864,9.107090022,28.25325666,28.25325666,28.25325666,28.25325666
1988-10-01,2.239357116,-1.025626385,8.908449202,8.908449202,#N/A,8.908449202,#N/A,8.908449202,#N/A,8.908449202,6.735445082,8.058229351,6.114500864,8.908449202,7.42852974,29.8166245,29.8166245,29.8166245,29.8166245
1989-01-01,-0.805751767,1.472483939,6.203428259,6.203428259,#N/A,6.203428259,#N/A,6.203428259,#N/A,6.203428259,8.058229351,6.114500864,8.908449202,6.203428259,9.793635858,29.28460768,29.28460768,29.28460768,29.28460768
1989-04-01,-0.064029414,-1.599644331,6.98072157,6.98072157,#N/A,6.98072157,#N/A,6.98072157,#N/A,6.98072157,6.114500864,8.908449202,6.203428259,6.98072157,6.452130643,28.2070999,28.2070999,28.2070999,28.2070999
1989-07-01,-0.625494756,-0.155073651,5.648165176,5.648165176,#N/A,5.648165176,#N/A,5.648165176,#N/A,5.648165176,8.908449202,6.203428259,6.98072157,5.648165176,7.780117401,27.74076421,27.74076421,27.74076421,27.74076421
1989-10-01,0.626686284,-0.870701591,6.678240983,6.678240983,#N/A,6.678240983,#N/A,6.678240983,#N/A,6.678240983,6.203428259,6.98072157,5.648165176,6.678240983,6.506937406,25.51055599,25.51055599,25.51055599,25.51055599
1990-01-01,-0.015672562,0.601600167,5.914889901,5.914889901,#N/A,5.914889901,#N/A,5.914889901,#N/A,5.914889901,6.98072157,5.648165176,6.678240983,5.914889901,7.907104574,25.22201763,25.22201763,25.22201763,25.22201763
1990-04-01,-1.876527655,-2.03188244,4.160724699,4.160724699,#N/A,4.160724699,#N/A,4.160724699,#N/A,4.160724699,5.648165176,6.678240983,5.914889901,4.160724699,4.56862275,22.40202076,22.40202076,22.40202076,22.40202076
1990-07-01,0.808012858,-0.533853582,5.838258698,5.838258698,#N/A,5.838258698,#N/A,5.838258698,#N/A,5.838258698,6.678240983,5.914889901,4.160724699,5.838258698,6.114174988,22.59211428,22.59211428,22.59211428,22.59211428
1990-10-01,0.028193851,-1.367300508,5.02778721,5.02778721,#N/A,5.02778721,#N/A,5.02778721,#N/A,5.02778721,5.914889901,4.160724699,5.838258698,5.02778721,4.868114619,20.94166051,20.94166051,20.94166051,20.94166051
1991-01-01,0.561526106,1.26337897,5.907944469,5.907944469,#N/A,5.907944469,#N/A,5.907944469,#N/A,5.907944469,4.160724699,5.838258698,5.02778721,5.907944469,7.497057739,20.93471508,20.93471508,20.93471508,20.93471508
1991-04-01,1.826797511,0.469076058,7.201090182,7.201090182,#N/A,7.201090182,#N/A,7.201090182,#N/A,7.201090182,5.838258698,5.02778721,5.907944469,7.201090182,7.462846198,23.97508056,23.97508056,23.97508056,23.97508056
1991-07-01,0.761404382,0.952218076,7.005018243,7.005018243,#N/A,7.005018243,#N/A,7.005018243,#N/A,7.005018243,5.02778721,5.907944469,7.201090182,7.005018243,8.237678102,25.1418401,25.1418401,25.1418401,25.1418401
1991-10-01,0.021025623,-1.673799281,6.703468993,6.703468993,#N/A,6.703468993,#N/A,6.703468993,#N/A,6.703468993,5.907944469,7.201090182,7.005018243,6.703468993,6.030581191,26.81752189,26.81752189,26.81752189,26.81752189
1992-01-01,-0.591976009,-0.77492896,5.891418885,5.891418885,#N/A,5.891418885,#N/A,5.891418885,#N/A,5.891418885,7.201090182,7.005018243,6.703468993,5.891418885,6.925320116,26.8009963,26.8009963,26.8009963,26.8009963
1992-04-01,-0.665930362,-0.261663111,5.372024789,5.372024789,#N/A,5.372024789,#N/A,5.372024789,#N/A,5.372024789,7.005018243,6.703468993,5.891418885,5.372024789,6.981319617,24.97193091,24.97193091,24.97193091,24.97193091
1992-07-01,0.269207188,0.105278682,5.774584658,5.774584658,#N/A,5.774584658,#N/A,5.774584658,#N/A,5.774584658,6.703468993,5.891418885,5.372024789,5.774584658,7.040653013,23.74149733,23.74149733,23.74149733,23.74149733
1992-10-01,0.580045738,1.062004153,6.038689517,6.038689517,#N/A,6.038689517,#N/A,6.038689517,#N/A,6.038689517,5.891418885,5.372024789,5.774584658,6.038689517,7.831183616,23.07671785,23.07671785,23.07671785,23.07671785
1993-01-01,-2.196728513,-0.306538406,3.528581157,3.528581157,#N/A,3.528581157,#N/A,3.528581157,#N/A,3.528581157,5.372024789,5.774584658,6.038689517,3.528581157,5.871931625,20.71388012,20.71388012,20.71388012,20.71388012
1993-04-01,-1.53872176,0.409104732,3.28818651,3.28818651,#N/A,3.28818651,#N/A,3.28818651,#N/A,3.28818651,5.774584658,6.038689517,3.528581157,3.28818651,6.066615192,18.63004184,18.63004184,18.63004184,18.63004184
1993-07-01,-1.297013598,1.029172733,2.429693469,2.429693469,#N/A,2.429693469,#N/A,2.429693469,#N/A,2.429693469,6.038689517,3.528581157,3.28818651,2.429693469,5.850460396,15.28515065,15.28515065,15.28515065,15.28515065
1993-10-01,-0.925971545,0.218317283,2.361180446,2.361180446,#N/A,2.361180446,#N/A,2.361180446,#N/A,2.361180446,3.528581157,3.28818651,2.429693469,2.361180446,4.120227679,11.60764158,11.60764158,11.60764158,11.60764158
1994-01-01,-0.879696466,0.788868171,2.0366531,2.0366531,#N/A,2.0366531,#N/A,2.0366531,#N/A,2.0366531,3.28818651,2.429693469,2.361180446,2.0366531,4.317796552,10.11571352,10.11571352,10.11571352,10.11571352
1994-04-01,-0.03212717,0.378421603,2.727006248,2.727006248,#N/A,2.727006248,#N/A,2.727006248,#N/A,2.727006248,2.429693469,2.361180446,2.0366531,2.727006248,3.767054918,9.554533262,9.554533262,9.554533262,9.554533262
1994-07-01,0.188788917,0.560279555,3.094252656,3.094252656,#N/A,3.094252656,#N/A,3.094252656,#N/A,3.094252656,2.361180446,2.0366531,2.727006248,3.094252656,4.115052667,10.21909245,10.21909245,10.21909245,10.21909245
1994-10-01,-1.470885039,2.003405061,1.857618523,1.857618523,#N/A,1.857618523,#N/A,1.857618523,#N/A,1.857618523,2.0366531,2.727006248,3.094252656,1.857618523,5.432287692,9.715530526,9.715530526,9.715530526,9.715530526
1995-01-01,-0.356329304,-1.389846272,2.624419167,2.624419167,#N/A,2.624419167,#N/A,2.624419167,#N/A,2.624419167,2.727006248,3.094252656,1.857618523,2.624419167,2.185977877,10.30329659,10.30329659,10.30329659,10.30329659
1995-04-01,-0.201059724,-0.328802334,2.591755352,2.591755352,#N/A,2.591755352,#N/A,2.591755352,#N/A,2.591755352,3.094252656,1.857618523,2.624419167,2.591755352,3.213209091,10.1680457,10.1680457,10.1680457,10.1680457
1995-07-01,-1.386514487,1.684542686,1.699955321,1.699955321,#N/A,1.699955321,#N/A,1.699955321,#N/A,1.699955321,1.857618523,2.624419167,2.591755352,1.699955321,4.877979776,8.773748363,8.773748363,8.773748363,8.773748363
1995-10-01,1.134351023,-0.17187629,3.851035293,3.851035293,#N/A,3.851035293,#N/A,3.851035293,#N/A,3.851035293,2.624419167,2.591755352,1.699955321,3.851035293,3.519914993,10.76716513,10.76716513,10.76716513,10.76716513
1996-01-01,0.8100508,0.174348943,4.030447045,4.030447045,#N/A,4.030447045,#N/A,4.030447045,#N/A,4.030447045,2.591755352,1.699955321,3.851035293,4.030447045,4.217647195,12.17319301,12.17319301,12.17319301,12.17319301
1996-04-01,-0.03811899,0.272856265,4.114473945,4.114473945,#N/A,4.114473945,#N/A,4.114473945,#N/A,4.114473945,1.699955321,3.851035293,4.030447045,4.114473945,4.696834166,13.6959116,13.6959116,13.6959116,13.6959116
1996-07-01,-0.660035365,0.089949444,3.597933031,3.597933031,#N/A,3.597933031,#N/A,3.597933031,#N/A,3.597933031,3.851035293,4.030447045,4.114473945,3.597933031,4.988421773,15.59388931,15.59388931,15.59388931,15.59388931
1996-10-01,-1.279131849,0.475577803,2.805830941,2.805830941,#N/A,2.805830941,#N/A,2.805830941,#N/A,2.805830941,4.030447045,4.114473945,3.597933031,2.805830941,5.112749044,14.54868496,14.54868496,14.54868496,14.54868496
1997-01-01,0.912879696,-0.094353299,4.474385285,4.474385285,#N/A,4.474385285,#N/A,4.474385285,#N/A,4.474385285,4.114473945,3.597933031,2.805830941,4.474385285,4.653802501,14.9926232,14.9926232,14.9926232,14.9926232
1997-04-01,0.589631579,1.687540262,4.50171807,4.50171807,#N/A,4.50171807,#N/A,4.50171807,#N/A,4.50171807,3.597933031,2.805830941,4.474385285,4.50171807,6.532507094,15.37986733,15.37986733,15.37986733,15.37986733
1997-07-01,1.298398143,0.834608096,5.888839485,5.888839485,#N/A,5.888839485,#N/A,5.888839485,#N/A,5.888839485,2.805830941,4.474385285,4.50171807,5.888839485,6.252301542,17.67077378,17.67077378,17.67077378,17.67077378
1997-10-01,1.02729601,1.063920427,6.183519032,6.183519032,#N/A,6.183519032,#N/A,6.183519032,#N/A,6.183519032,4.474385285,4.50171807,5.888839485,6.183519032,7.326035895,21.04846187,21.04846187,21.04846187,21.04846187
1998-01-01,-0.796732118,-0.754780087,5.032211289,5.032211289,#N/A,5.032211289,#N/A,5.032211289,#N/A,5.032211289,4.50171807,5.888839485,6.183519032,5.032211289,5.646791882,21.60628788,21.60628788,21.60628788,21.60628788
1998-04-01,0.71942014,-1.816387305,6.205712268,6.205712268,#N/A,6.205712268,#N/A,6.205712268,#N/A,6.205712268,5.888839485,6.183519032,5.032211289,6.205712268,5.011183213,23.31028207,23.31028207,23.31028207,23.31028207
1998-07-01,1.348437512,-1.423516892,6.843606935,6.843606935,#N/A,6.843606935,#N/A,6.843606935,#N/A,6.843606935,6.183519032,5.032211289,6.205712268,6.843606935,5.642745488,24.26504952,24.26504952,24.26504952,24.26504952
1998-10-01,-1.447195423,-1.60673732,4.772532258,4.772532258,#N/A,4.772532258,#N/A,4.772532258,#N/A,4.772532258,5.032211289,6.205712268,6.843606935,4.772532258,5.106778367,22.85406275,22.85406275,22.85406275,22.85406275
1999-01-01,-0.696743487,-0.610538227,4.94971219,4.94971219,#N/A,4.94971219,#N/A,4.94971219,#N/A,4.94971219,6.205712268,6.843606935,4.772532258,4.94971219,6.082352686,22.77156365,22.77156365,22.77156365,22.77156365
1999-04-01,0.345900713,-0.496853801,5.234798492,5.234798492,#N/A,5.234798492,#N/A,5.234798492,#N/A,5.234798492,6.843606935,4.772532258,4.94971219,5.234798492,5.953308668,21.80064988,21.80064988,21.80064988,21.80064988
1999-07-01,0.109430732,-0.644769694,5.183235005,5.183235005,#N/A,5.183235005,#N/A,5.183235005,#N/A,5.183235005,4.772532258,4.94971219,5.234798492,5.183235005,5.390299793,20.14027795,20.14027795,20.14027795,20.14027795
1999-10-01,1.742197566,1.33154245,6.909410965,6.909410965,#N/A,6.909410965,#N/A,6.909410965,#N/A,6.909410965,4.94971219,5.234798492,5.183235005,6.909410965,7.900831613,22.27715665,22.27715665,22.27715665,22.27715665
2000-01-01,-0.408987622,-0.498988803,5.428070766,5.428070766,#N/A,5.428070766,#N/A,5.428070766,#N/A,5.428070766,5.234798492,5.183235005,6.909410965,5.428070766,6.189890004,22.75551523,22.75551523,22.75551523,22.75551523
2000-04-01,-1.051664788,-0.702379947,4.883327904,4.883327904,#N/A,4.883327904,#N/A,4.883327904,#N/A,4.883327904,5.183235005,6.909410965,5.428070766,4.883327904,5.898631213,22.40404464,22.40404464,22.40404464,22.40404464
2000-07-01,0.853246104,-1.046430968,5.977805571,5.977805571,#N/A,5.977805571,#N/A,5.977805571,#N/A,5.977805571,6.909410965,5.428070766,4.883327904,5.977805571,5.753222834,23.19861521,23.19861521,23.19861521,23.19861521
2000-10-01,0.127358641,0.588220643,5.471812031,5.471812031,#N/A,5.471812031,#N/A,5.471812031,#N/A,5.471812031,5.428070766,4.883327904,5.977805571,5.471812031,7.028474711,21.76101627,21.76101627,21.76101627,21.76101627
2001-01-01,-1.656825539,-0.774405881,3.923021502,3.923021502,#N/A,3.923021502,#N/A,3.923021502,#N/A,3.923021502,4.883327904,5.977805571,5.471812031,3.923021502,5.289585871,20.25596701,20.25596701,20.25596701,20.25596701
2001-04-01,-1.452402258,0.034944586,3.305531156,3.305531156,#N/A,3.305531156,#N/A,3.305531156,#N/A,3.305531156,5.977805571,5.471812031,3.923021502,3.305531156,5.704487151,18.67817026,18.67817026,18.67817026,18.67817026
2001-07-01,0.224683294,3.295892675,4.116104357,4.116104357,#N/A,4.116104357,#N/A,4.116104357,#N/A,4.116104357,5.471812031,3.923021502,3.305531156,4.116104357,8.500009937,16.81646905,16.81646905,16.81646905,16.81646905
2001-10-01,0.843261884,-1.70155514,4.811916089,4.811916089,#N/A,4.811916089,#N/A,4.811916089,#N/A,4.811916089,3.923021502,3.305531156,4.116104357,4.811916089,3.337588136,16.1565731,16.1565731,16.1565731,16.1565731
2002-01-01,2.182107052,0.665598404,6.75331523,6.75331523,#N/A,6.75331523,#N/A,6.75331523,#N/A,6.75331523,3.305531156,4.116104357,4.811916089,6.75331523,6.412315112,18.98686683,18.98686683,18.98686683,18.98686683
2002-04-01,-0.967616435,-1.144120975,4.658476093,4.658476093,#N/A,4.658476093,#N/A,4.658476093,#N/A,4.658476093,4.116104357,4.811916089,6.75331523,4.658476093,4.940831967,20.33981177,20.33981177,20.33981177,20.33981177
2002-07-01,0.89555905,0.054254087,6.460275579,6.460275579,#N/A,6.460275579,#N/A,6.460275579,#N/A,6.460275579,4.811916089,6.75331523,4.658476093,6.460275579,6.725249835,22.68398299,22.68398299,22.68398299,22.68398299
2002-10-01,-0.5926839,0.45282106,4.854816768,4.854816768,#N/A,4.854816768,#N/A,4.854816768,#N/A,4.854816768,6.75331523,4.658476093,6.460275579,4.854816768,7.134541978,22.72688367,22.72688367,22.72688367,22.72688367
2003-01-01,-1.598470323,-1.974150271,3.927566616,3.927566616,#N/A,3.927566616,#N/A,3.927566616,#N/A,3.927566616,4.658476093,6.460275579,4.854816768,3.927566616,4.001133493,19.90113506,19.90113506,19.90113506,19.90113506
2003-04-01,0.495289439,0.8420024,5.008242793,5.008242793,#N/A,5.008242793,#N/A,5.008242793,#N/A,5.008242793,6.460275579,4.854816768,3.927566616,5.008242793,6.90472784,20.25090176,20.25090176,20.25090176,20.25090176
2003-07-01,0.386612087,-0.17701597,4.96093585,4.96093585,#N/A,4.96093585,#N/A,4.96093585,#N/A,4.96093585,4.854816768,3.927566616,5.008242793,4.96093585,5.510874537,18.75156203,18.75156203,18.75156203,18.75156203
2003-10-01,2.045945682,0.932045635,7.033617139,7.033617139,#N/A,7.033617139,#N/A,7.033617139,#N/A,7.033617139,3.927566616,5.008242793,4.96093585,7.033617139,7.164636235,20.9303624,20.9303624,20.9303624,20.9303624
2004-01-01,0.092595376,0.246235097,5.890416572,5.890416572,#N/A,5.890416572,#N/A,5.890416572,#N/A,5.890416572,5.008242793,4.96093585,7.033617139,5.890416572,6.969538185,22.89321235,22.89321235,22.89321235,22.89321235
2004-04-01,0.301647589,1.504571601,6.471261073,6.471261073,#N/A,6.471261073,#N/A,6.471261073,#N/A,6.471261073,4.96093585,7.033617139,5.890416572,6.471261073,8.59362926,24.35623063,24.35623063,24.35623063,24.35623063
2004-07-01,-0.013801134,0.88407855,5.930869924,5.930869924,#N/A,5.930869924,#N/A,5.930869924,#N/A,5.930869924,7.033617139,5.890416572,6.471261073,5.930869924,8.215619727,25.32616471,25.32616471,25.32616471,25.32616471
2004-10-01,0.992465279,0.879925465,6.953317678,6.953317678,#N/A,6.953317678,#N/A,6.953317678,#N/A,6.953317678,5.890416572,6.471261073,5.930869924,6.953317678,8.191391776,25.24586525,25.24586525,25.24586525,25.24586525
2005-01-01,0.147427487,1.00642053,6.301102527,6.301102527,#N/A,6.301102527,#N/A,6.301102527,#N/A,6.301102527,6.471261073,5.930869924,6.953317678,6.301102527,8.420558331,25.6565512,25.6565512,25.6565512,25.6565512
2005-04-01,0.075193802,0.93616102,6.376961884,6.376961884,#N/A,6.376961884,#N/A,6.376961884,#N/A,6.376961884,5.930869924,6.953317678,6.301102527,6.376961884,8.326724023,25.56225201,25.56225201,25.56225201,25.56225201
2005-07-01,-1.256831571,-0.678002943,4.814394193,4.814394193,#N/A,4.814394193,#N/A,4.814394193,#N/A,4.814394193,6.953317678,6.301102527,6.376961884,4.814394193,6.433441128,24.44577628,24.44577628,24.44577628,24.44577628
2005-10-01,0.086985273,1.608022034,5.563527704,5.563527704,#N/A,5.563527704,#N/A,5.563527704,#N/A,5.563527704,6.301102527,6.376961884,4.814394193,5.563527704,8.372018611,23.05598631,23.05598631,23.05598631,23.05598631
2006-01-01,0.850747132,-0.658949042,6.001915891,6.001915891,#N/A,6.001915891,#N/A,6.001915891,#N/A,6.001915891,6.376961884,4.814394193,5.563527704,6.001915891,6.030250877,22.75679967,22.75679967,22.75679967,22.75679967
2006-04-01,-0.384131281,0.895058709,5.242046157,5.242046157,#N/A,5.242046157,#N/A,5.242046157,#N/A,5.242046157,4.814394193,5.563527704,6.001915891,5.242046157,7.300529696,21.62188395,21.62188395,21.62188395,21.62188395
2006-07-01,0.466268489,1.744480634,5.963853308,5.963853308,#N/A,5.963853308,#N/A,5.963853308,#N/A,5.963853308,5.563527704,6.001915891,5.242046157,5.963853308,8.437316399,22.77134306,22.77134306,22.77134306,22.77134306
2006-10-01,-2.947139713,-1.632694305,2.535220073,2.535220073,#N/A,2.535220073,#N/A,2.535220073,#N/A,2.535220073,6.001915891,5.242046157,5.963853308,2.535220073,4.303064552,19.74303543,19.74303543,19.74303543,19.74303543
2007-01-01,1.114506416,1.02087229,5.514135768,5.514135768,#N/A,5.514135768,#N/A,5.514135768,#N/A,5.514135768,5.242046157,5.963853308,2.535220073,5.514135768,6.834686117,19.25525531,19.25525531,19.25525531,19.25525531
2007-04-01,-0.060365851,-0.451101631,4.159376486,4.159376486,#N/A,4.159376486,#N/A,4.159376486,#N/A,4.159376486,5.963853308,2.535220073,5.514135768,4.159376486,5.092044778,18.17258564,18.17258564,18.17258564,18.17258564
2007-07-01,0.491782291,-0.545653679,5.361187193,5.361187193,#N/A,5.361187193,#N/A,5.361187193,#N/A,5.361187193,2.535220073,5.514135768,4.159376486,5.361187193,4.8468262,17.56991952,17.56991952,17.56991952,17.56991952
2007-10-01,-0.055122945,1.533048032,4.753102527,4.753102527,#N/A,4.753102527,#N/A,4.753102527,#N/A,4.753102527,5.514135768,4.159376486,5.361187193,4.753102527,7.479998526,19.78780197,19.78780197,19.78780197,19.78780197
2008-01-01,0.442189854,1.718810478,5.487905742,5.487905742,#N/A,5.487905742,#N/A,5.487905742,#N/A,5.487905742,4.159376486,5.361187193,4.753102527,5.487905742,7.659203465,19.76157195,19.76157195,19.76157195,19.76157195
2008-04-01,1.349002482,0.33598798,6.44540579,6.44540579,#N/A,6.44540579,#N/A,6.44540579,#N/A,6.44540579,5.361187193,4.753102527,5.487905742,6.44540579,6.847888292,22.04760125,22.04760125,22.04760125,22.04760125
2008-07-01,1.392347636,-0.814644613,7.165672248,7.165672248,#N/A,7.165672248,#N/A,7.165672248,#N/A,7.165672248,4.753102527,5.487905742,6.44540579,7.165672248,6.148376963,23.85208631,23.85208631,23.85208631,23.85208631
2008-10-01,-0.246512411,-1.11112899,6.197918804,6.197918804,#N/A,6.197918804,#N/A,6.197918804,#N/A,6.197918804,5.487905742,6.44540579,7.165672248,6.197918804,6.213096656,25.29690258,25.29690258,25.29690258,25.29690258
2009-01-01,-0.362202741,0.807053878,5.98323368,5.98323368,#N/A,5.98323368,#N/A,5.98323368,#N/A,5.98323368,6.44540579,7.165672248,6.197918804,5.98323368,8.255111508,25.79223052,25.79223052,25.79223052,25.79223052
2009-04-01,-1.704533456,-0.138926279,4.167927538,4.167927538,#N/A,4.167927538,#N/A,4.167927538,#N/A,4.167927538,7.165672248,6.197918804,5.98323368,4.167927538,6.739761788,23.51475227,23.51475227,23.51475227,23.51475227
2009-07-01,-0.067122443,-1.451868839,4.993342044,4.993342044,#N/A,4.993342044,#N/A,4.993342044,#N/A,4.993342044,6.197918804,5.98323368,4.167927538,4.993342044,4.883736677,21.34242207,21.34242207,21.34242207,21.34242207
2009-10-01,0.764418722,-0.783938084,5.428926555,5.428926555,#N/A,5.428926555,#N/A,5.428926555,#N/A,5.428926555,5.98323368,4.167927538,4.993342044,5.428926555,5.35941937,20.57342982,20.57342982,20.57342982,20.57342982
2010-01-01,2.265247064,0.512102824,7.434154504,7.434154504,#N/A,7.434154504,#N/A,7.434154504,#N/A,7.434154504,4.167927538,4.993342044,5.428926555,7.434154504,7.018190484,22.02435064,22.02435064,22.02435064,22.02435064
2010-04-01,-0.438181637,-0.30288774,5.707050787,5.707050787,#N/A,5.707050787,#N/A,5.707050787,#N/A,5.707050787,4.993342044,5.428926555,7.434154504,5.707050787,6.587980732,23.56347389,23.56347389,23.56347389,23.56347389
2010-07-01,-1.196178154,0.522227989,5.060303962,5.060303962,#N/A,5.060303962,#N/A,5.060303962,#N/A,5.060303962,5.428926555,7.434154504,5.707050787,5.060303962,7.429836941,23.63043581,23.63043581,23.63043581,23.63043581
2010-10-01,-1.204886442,0.926301513,4.102055458,4.102055458,#N/A,4.102055458,#N/A,4.102055458,#N/A,4.102055458,7.434154504,5.707050787,5.060303962,4.102055458,7.502192691,22.30356471,22.30356471,22.30356471,22.30356471
2011-01-01,-0.023954917,-1.219130262,4.640988852,4.640988852,#N/A,4.640988852,#N/A,4.640988852,#N/A,4.640988852,5.707050787,5.060303962,4.102055458,4.640988852,4.658469502,19.51039906,19.51039906,19.51039906,19.51039906
2011-04-01,-1.45180018,0.563253065,3.045417544,3.045417544,#N/A,3.045417544,#N/A,3.045417544,#N/A,3.045417544,5.060303962,4.102055458,4.640988852,3.045417544,5.775444519,16.84876582,16.84876582,16.84876582,16.84876582
2011-07-01,1.213476344,0.554209879,5.288038902,5.288038902,#N/A,5.288038902,#N/A,5.288038902,#N/A,5.288038902,4.102055458,4.640988852,3.045417544,5.288038902,5.823335068,17.07650076,17.07650076,17.07650076,17.07650076
2011-10-01,0.098460771,2.136520212,4.431843349,4.431843349,#N/A,4.431843349,#N/A,4.431843349,#N/A,4.431843349,4.640988852,3.045417544,5.288038902,4.431843349,7.488092373,17.40628865,17.40628865,17.40628865,17.40628865
2012-01-01,1.408713035,-1.579900162,6.296665936,6.296665936,#N/A,6.296665936,#N/A,6.296665936,#N/A,6.296665936,3.045417544,5.288038902,4.431843349,6.296665936,4.185591271,19.06196573,19.06196573,19.06196573,19.06196573
2012-04-01,-1.26785339,-0.021790743,4.023550324,5.301707683,5.301707683,4.023550324,#N/A,4.023550324,#N/A,4.023550324,5.288038902,4.431843349,6.296665936,4.023550324,5.988233884,21.31825587,20.04009851,20.04009851,20.04009851
2012-07-01,-0.910680469,0.868902006,4.217406035,5.46268676,5.46268676,4.917767562,4.917767562,4.217406035,#N/A,4.217406035,4.431843349,6.296665936,4.023550324,4.217406035,6.611268416,21.49290373,19.66982717,18.96946564,18.96946564
2012-10-01,-1.393125176,-0.976049912,2.903257368,5.216814328,5.216814328,4.565595336,4.565595336,4.266193657,4.266193657,2.903257368,6.296665936,4.023550324,4.217406035,2.903257368,4.384170004,22.27787471,19.80357916,18.80381595,17.44087966
