date,ex,ey,x,xq1,xq2,xq3,xq4,y,z1,z2,z3,z4
1/1/1950,-1.846812647,-0.995836197,2.852967347,6.805269293,4.934350985,4.315099001,2.852967347,4.73108546,18.90768663,18.90768663,18.90768663,18.90768663
4/1/1950,-2.189707607,-0.893079808,1.677518932,4.934350985,4.315099001,2.852967347,1.677518932,3.551904259,13.77993626,13.77993626,13.77993626,13.77993626
7/1/1950,-0.093757515,1.573041701,2.718436996,4.315099001,2.852967347,1.677518932,2.718436996,5.46404727,11.56402228,11.56402228,11.56402228,11.56402228
10/1/1950,1.076244532,-0.868226728,3.834626903,2.852967347,1.677518932,2.718436996,3.834626903,2.902660817,11.08355018,11.08355018,11.08355018,11.08355018
1/1/1951,0.250226282,0.861460678,3.871451842,1.677518932,2.718436996,3.834626903,3.871451842,4.886969347,12.10203467,12.10203467,12.10203467,12.10203467
4/1/1951,-0.966408978,-0.477889537,3.11602252,2.718436996,3.834626903,3.871451842,3.11602252,3.907245028,13.54053826,13.54053826,13.54053826,13.54053826
7/1/1951,2.296775104,0.947866248,6.091764849,3.834626903,3.871451842,3.11602252,6.091764849,6.176332776,16.91386611,16.91386611,16.91386611,16.91386611
10/1/1951,0.349014049,-0.36205965,5.032128997,3.871451842,3.11602252,6.091764849,5.032128997,5.165782402,18.11136821,18.11136821,18.11136821,18.11136821
1/1/1952,-2.39993206,1.18208911,3.049625478,3.11602252,6.091764849,5.032128997,3.049625478,6.504474571,17.28954184,17.28954184,17.28954184,17.28954184
4/1/1952,1.16873837,0.844186728,5.40144016,6.091764849,5.032128997,3.049625478,5.40144016,6.737926599,19.57495948,19.57495948,19.57495948,19.57495948
7/1/1952,-0.233131583,1.415086912,4.147294672,5.032128997,3.049625478,5.40144016,4.147294672,6.822709239,17.63048931,17.63048931,17.63048931,17.63048931
10/1/1952,0.477448804,-1.513149004,5.296942737,3.049625478,5.40144016,4.147294672,5.296942737,3.960676757,17.89530305,17.89530305,17.89530305,17.89530305
1/1/1953,-0.67289902,0.004103536,4.104795943,5.40144016,4.147294672,5.296942737,4.104795943,5.741721914,18.95047351,18.95047351,18.95047351,18.95047351
4/1/1953,1.720208862,0.121887643,6.480904334,4.147294672,5.296942737,4.104795943,6.480904334,6.129372064,20.02993769,20.02993769,20.02993769,20.02993769
7/1/1953,-1.926650648,-0.122769337,3.307629463,5.296942737,4.104795943,6.480904334,3.307629463,5.674798782,19.19027248,19.19027248,19.19027248,19.19027248
10/1/1953,1.686325204,-0.160604081,6.601738723,4.104795943,6.480904334,3.307629463,6.601738723,5.963163034,20.49506846,20.49506846,20.49506846,20.49506846
1/1/1954,1.304183973,0.417753358,6.267931247,6.480904334,3.307629463,6.601738723,6.267931247,7.0823043,22.65820377,22.65820377,22.65820377,22.65820377
4/1/1954,0.00993838,0.207657501,6.157806368,3.307629463,6.601738723,6.267931247,6.157806368,6.791433951,22.3351058,22.3351058,22.3351058,22.3351058
7/1/1954,0.26083856,-1.22488534,6.231133606,6.601738723,6.267931247,6.157806368,6.231133606,6.089767147,25.25860994,25.25860994,25.25860994,25.25860994
10/1/1954,1.157560194,-0.888590234,7.113136184,6.267931247,6.157806368,6.231133606,7.113136184,6.553911617,25.77000741,25.77000741,25.77000741,25.77000741
1/1/1955,0.584645464,0.230154848,6.922353381,6.157806368,6.231133606,7.113136184,6.922353381,7.836262233,26.42442954,26.42442954,26.42442954,26.42442954
4/1/1955,0.62646964,-0.798296051,7.240665465,6.231133606,7.113136184,6.922353381,7.240665465,7.078526108,27.50728864,27.50728864,27.50728864,27.50728864
7/1/1955,0.171158505,-0.489975376,6.836366044,7.113136184,6.922353381,7.240665465,6.836366044,7.538154892,28.11252107,28.11252107,28.11252107,28.11252107
10/1/1955,-0.465772093,-1.317186161,6.16504051,6.922353381,7.240665465,6.836366044,6.16504051,6.473920189,27.1644254,27.1644254,27.1644254,27.1644254
1/1/1956,0.120046954,1.321891033,6.320609576,7.240665465,6.836366044,6.16504051,6.320609576,8.962561431,26.5626816,26.5626816,26.5626816,26.5626816
4/1/1956,-0.845112087,-1.981244209,5.149147947,6.836366044,6.16504051,6.320609576,5.149147947,5.13654681,24.47116408,24.47116408,24.47116408,24.47116408
7/1/1956,-0.417880236,-0.981458032,5.170022773,6.16504051,6.320609576,5.149147947,5.170022773,5.719747169,22.80482081,22.80482081,22.80482081,22.80482081
10/1/1956,-0.861972973,-0.794234371,4.265695315,6.320609576,5.149147947,5.170022773,4.265695315,5.432134532,20.90547561,20.90547561,20.90547561,20.90547561
1/1/1957,-1.289820214,0.580317064,3.484467022,5.149147947,5.170022773,4.265695315,3.484467022,6.097650329,18.06933306,18.06933306,18.06933306,18.06933306
4/1/1957,0.657747321,0.1502021,4.757812256,5.170022773,4.265695315,3.484467022,4.757812256,5.569701441,17.67799737,17.67799737,17.67799737,17.67799737
7/1/1957,-0.880604353,-0.078161796,3.416307358,4.265695315,3.484467022,4.757812256,3.416307358,4.902908692,15.92428195,15.92428195,15.92428195,15.92428195
10/1/1957,1.646532944,-0.519728896,5.916180789,3.484467022,4.757812256,3.416307358,5.916180789,4.87396296,17.57476742,17.57476742,17.57476742,17.57476742
1/1/1958,-0.89537837,1.766333161,3.837616889,4.757812256,3.416307358,5.916180789,3.837616889,7.248312484,17.92791729,17.92791729,17.92791729,17.92791729
4/1/1958,0.379097765,-0.091532021,5.280616836,3.416307358,5.916180789,3.837616889,5.280616836,5.521148448,18.45072187,18.45072187,18.45072187,18.45072187
7/1/1958,-0.242183472,-1.047051697,4.405110018,5.916180789,3.837616889,5.280616836,4.405110018,4.812829436,19.43952453,19.43952453,19.43952453,19.43952453
10/1/1958,-1.192490714,-0.994944188,3.681800027,3.837616889,5.280616836,4.405110018,3.681800027,4.306341755,17.20514377,17.20514377,17.20514377,17.20514377
1/1/1959,0.789507466,0.456526326,5.024271484,5.280616836,4.405110018,3.681800027,5.024271484,6.054475917,18.39179837,18.39179837,18.39179837,18.39179837
4/1/1959,-1.024807681,-2.119967056,3.457620924,4.405110018,3.681800027,5.024271484,3.457620924,3.022233558,16.56880245,16.56880245,16.56880245,16.56880245
7/1/1959,-0.650857022,0.859847019,3.741899942,3.681800027,5.024271484,3.457620924,3.741899942,5.836245113,15.90559238,15.90559238,15.90559238,15.90559238
10/1/1959,2.30850161,0.540298837,6.188309956,5.024271484,3.457620924,3.741899942,6.188309956,6.143324414,18.41210231,18.41210231,18.41210231,18.41210231
1/1/1960,-0.635984988,-0.575026143,4.336098971,3.457620924,3.741899942,6.188309956,4.336098971,4.855956305,17.72392979,17.72392979,17.72392979,17.72392979
4/1/1960,-0.894853243,-0.904095947,4.314910328,3.741899942,6.188309956,4.336098971,4.314910328,4.741208852,18.5812192,18.5812192,18.5812192,18.5812192
7/1/1960,0.622213385,-1.639101817,5.082617104,6.188309956,4.336098971,4.314910328,5.082617104,4.341382273,19.92193636,19.92193636,19.92193636,19.92193636
10/1/1960,0.12424985,-0.998781067,4.883260822,4.336098971,4.314910328,5.082617104,4.883260822,4.655440739,18.61688723,18.61688723,18.61688723,18.61688723
1/1/1961,-1.304129259,1.359019061,3.682221912,4.314910328,5.082617104,4.883260822,3.682221912,6.849771602,17.96301017,17.96301017,17.96301017,17.96301017
4/1/1961,-1.2170141,-0.839505816,3.209178994,5.082617104,4.883260822,3.682221912,3.209178994,4.374813892,16.85727883,16.85727883,16.85727883,16.85727883
7/1/1961,-1.116983242,0.732195624,2.63957712,4.883260822,3.682221912,3.209178994,2.63957712,5.335755336,14.41423885,14.41423885,14.41423885,14.41423885
10/1/1961,-0.11478229,1.238616135,3.224720156,3.682221912,3.209178994,2.63957712,3.224720156,5.42754068,12.75569818,12.75569818,12.75569818,12.75569818
1/1/1962,-0.277367994,0.878861792,3.068350917,3.209178994,2.63957712,3.224720156,3.068350917,4.914318589,12.14182719,12.14182719,12.14182719,12.14182719
4/1/1962,-1.222209561,1.509884106,2.295018868,2.63957712,3.224720156,3.068350917,2.295018868,5.316800872,11.22766706,11.22766706,11.22766706,11.22766706
7/1/1962,-0.77625868,0.541180192,2.369089234,3.224720156,3.068350917,2.295018868,2.369089234,4.280474986,10.95717918,10.95717918,10.95717918,10.95717918
10/1/1962,0.212726676,-1.124353098,3.078369917,3.068350917,2.295018868,2.369089234,3.078369917,2.578354136,10.81082894,10.81082894,10.81082894,10.81082894
1/1/1963,0.447215084,-1.184448596,3.626198745,2.295018868,2.369089234,3.078369917,3.626198745,2.657720595,11.36867676,11.36867676,11.36867676,11.36867676
4/1/1963,0.050009367,1.216507461,3.731836831,2.369089234,3.078369917,3.626198745,3.731836831,5.417881143,12.80549473,12.80549473,12.80549473,12.80549473
7/1/1963,-0.697490186,-1.401627008,3.245724045,3.078369917,3.626198745,3.731836831,3.245724045,3.018905377,13.68212954,13.68212954,13.68212954,13.68212954
10/1/1963,-0.016108137,-0.301513904,3.774916214,3.626198745,3.731836831,3.245724045,3.774916214,4.293155054,14.37867583,14.37867583,14.37867583,14.37867583
1/1/1964,0.985967899,-0.272926738,4.794224003,3.731836831,3.245724045,3.774916214,4.794224003,4.613748535,15.54670109,15.54670109,15.54670109,15.54670109
4/1/1964,-1.246119945,-0.624262434,3.181536141,3.245724045,3.774916214,4.794224003,3.181536141,4.124837667,14.9964004,14.9964004,14.9964004,14.9964004
7/1/1964,-1.833120635,-0.660175933,2.357183423,3.774916214,4.794224003,3.181536141,2.357183423,3.866789012,14.10785978,14.10785978,14.10785978,14.10785978
10/1/1964,-1.623420366,-0.866186934,1.592067459,4.794224003,3.181536141,2.357183423,1.592067459,3.115065823,11.92501103,11.92501103,11.92501103,11.92501103
1/1/1965,-0.399268365,-0.915080912,2.180431988,3.181536141,2.357183423,1.592067459,2.180431988,2.412723841,9.311219012,9.311219012,9.311219012,9.311219012
4/1/1965,-0.339554592,1.03122346,2.169445188,2.357183423,1.592067459,2.180431988,2.169445188,4.106005474,8.299128059,8.299128059,8.299128059,8.299128059
7/1/1965,1.021954029,-0.991224983,3.761904899,1.592067459,2.180431988,2.169445188,3.761904899,2.434737401,9.703849535,9.703849535,9.703849535,9.703849535
10/1/1965,-0.308600389,0.3588359,3.063939645,2.180431988,2.169445188,3.761904899,3.063939645,4.15276633,11.17572172,11.17572172,11.17572172,11.17572172
1/1/1966,0.763140178,-0.153334739,4.493477996,2.169445188,3.761904899,3.063939645,4.493477996,4.218857193,13.48876773,13.48876773,13.48876773,13.48876773
4/1/1966,0.230081621,-0.814118697,4.253048678,3.761904899,3.063939645,4.493477996,4.253048678,4.078974107,15.57237122,15.57237122,15.57237122,15.57237122
7/1/1966,0.618865146,0.452122801,5.117475815,3.063939645,4.493477996,4.253048678,5.117475815,5.684108335,16.92794213,16.92794213,16.92794213,16.92794213
10/1/1966,-1.877808515,0.460069185,2.870401282,4.493477996,4.253048678,5.117475815,2.870401282,5.643670128,16.73440377,16.73440377,16.73440377,16.73440377
1/1/1967,0.226937846,0.463085384,4.422088685,4.253048678,5.117475815,2.870401282,4.422088685,5.628838999,16.66301446,16.66301446,16.66301446,16.66301446
4/1/1967,0.356948447,0.629242144,4.273944434,5.117475815,2.870401282,4.422088685,4.273944434,5.800219699,16.68391022,16.68391022,16.68391022,16.68391022
7/1/1967,1.170134475,0.356637681,5.648547722,2.870401282,4.422088685,4.273944434,5.648547722,5.660383212,17.21498212,17.21498212,17.21498212,17.21498212
10/1/1967,0.442472114,-0.353636852,5.411468976,4.422088685,4.273944434,5.648547722,5.411468976,5.585375602,19.75604982,19.75604982,19.75604982,19.75604982
1/1/1968,-0.543089585,-1.98929103,4.880917095,4.273944434,5.648547722,5.411468976,4.880917095,4.064428527,20.21487823,20.21487823,20.21487823,20.21487823
4/1/1968,0.293472689,-0.64114816,5.410427117,5.648547722,5.411468976,4.880917095,5.410427117,5.696692067,21.35136091,21.35136091,21.35136091,21.35136091
7/1/1968,-0.690316641,-0.540955103,4.426221044,5.411468976,4.880917095,5.410427117,4.426221044,5.491303455,20.12903423,20.12903423,20.12903423,20.12903423
10/1/1968,0.92293391,-1.296046225,5.857593175,4.880917095,5.410427117,4.426221044,5.857593175,4.847743383,20.57515843,20.57515843,20.57515843,20.57515843
1/1/1969,0.359576227,0.717934983,5.473101914,5.410427117,4.426221044,5.857593175,5.473101914,7.009770796,21.16734325,21.16734325,21.16734325,21.16734325
4/1/1969,0.48380033,-0.951831296,6.016078365,4.426221044,5.857593175,5.473101914,6.016078365,5.491417329,21.7729945,21.7729945,21.7729945,21.7729945
7/1/1969,0.243291636,-0.225014181,5.838963748,5.857593175,5.473101914,6.016078365,5.838963748,6.571420119,23.1857372,23.1857372,23.1857372,23.1857372
10/1/1969,-1.82563612,-1.049083519,3.916380725,5.473101914,6.016078365,5.838963748,3.916380725,5.262047669,21.24452475,21.24452475,21.24452475,21.24452475
1/1/1970,0.002285097,1.33679961,4.904422887,6.016078365,5.838963748,3.916380725,4.904422887,7.505761042,20.67584573,20.67584573,20.67584573,20.67584573
4/1/1970,-1.398223671,-0.086608442,3.130097774,5.838963748,3.916380725,4.904422887,3.130097774,5.360857842,17.78986513,17.78986513,17.78986513,17.78986513
7/1/1970,-1.686753244,0.793459871,2.52705502,3.916380725,4.904422887,3.130097774,2.52705502,5.412948973,14.47795641,14.47795641,14.47795641,14.47795641
10/1/1970,1.435108039,0.670318619,4.697969157,4.904422887,3.130097774,2.52705502,4.697969157,5.485204828,15.25954484,15.25954484,15.25954484,15.25954484
1/1/1971,1.676469785,-0.031423467,5.566479456,3.130097774,2.52705502,4.697969157,5.566479456,4.948976885,15.92160141,15.92160141,15.92160141,15.92160141
4/1/1971,-0.155188832,0.709897529,4.950590613,2.52705502,4.697969157,5.566479456,4.950590613,6.145421091,17.74209425,17.74209425,17.74209425,17.74209425
7/1/1971,-1.005320392,-0.092051819,4.201507635,4.697969157,5.566479456,4.950590613,4.201507635,5.762084896,19.41654686,19.41654686,19.41654686,19.41654686
10/1/1971,-1.46253484,-0.117732577,3.19830446,5.566479456,4.950590613,4.201507635,3.19830446,5.361487965,17.91688216,17.91688216,17.91688216,17.91688216
1/1/1972,-1.092310849,0.573952159,2.867613989,4.950590613,4.201507635,3.19830446,2.867613989,5.378456334,15.2180167,15.2180167,15.2180167,15.2180167
4/1/1972,-0.56954465,-0.0436753,2.856822729,4.201507635,3.19830446,2.867613989,2.856822729,4.237386903,13.12424881,13.12424881,13.12424881,13.12424881
7/1/1972,0.649992165,1.017951015,3.939766852,3.19830446,2.867613989,2.856822729,3.939766852,5.233578023,12.86250803,12.86250803,12.86250803,12.86250803
10/1/1972,2.712453727,1.021377167,6.43108956,2.867613989,2.856822729,3.939766852,6.43108956,6.04520045,16.09529313,16.09529313,16.09529313,16.09529313
1/1/1973,-0.831612834,-1.134615761,4.316729731,2.856822729,3.939766852,6.43108956,4.316729731,4.251486457,17.54440887,17.54440887,17.54440887,17.54440887
4/1/1973,-0.479845957,-2.121357672,4.819281759,3.939766852,6.43108956,4.316729731,4.819281759,3.755359303,19.5068679,19.5068679,19.5068679,19.5068679
7/1/1973,0.523751219,-0.68764384,5.178155815,6.43108956,4.316729731,4.819281759,5.178155815,5.498670377,20.74525686,20.74525686,20.74525686,20.74525686
10/1/1973,0.265055776,-0.13268011,5.264030806,4.316729731,4.819281759,5.178155815,5.264030806,5.761869418,19.57819811,19.57819811,19.57819811,19.57819811
1/1/1974,-1.777367541,0.653272457,3.399507108,4.819281759,5.178155815,5.264030806,3.399507108,6.318516329,18.66097549,18.66097549,18.66097549,18.66097549
4/1/1974,-0.622863437,0.416533208,3.842551728,5.178155815,5.264030806,3.399507108,3.842551728,5.837594572,17.68424546,17.68424546,17.68424546,17.68424546
7/1/1974,-1.074947253,0.813353244,2.821876281,5.264030806,3.399507108,3.842551728,2.821876281,5.645344724,15.32796592,15.32796592,15.32796592,15.32796592
10/1/1974,1.032039027,1.028408076,4.697810231,3.399507108,3.842551728,2.821876281,4.697810231,5.718844413,14.76174535,14.76174535,14.76174535,14.76174535
1/1/1975,1.692762786,-0.876578084,5.700637392,3.842551728,2.821876281,4.697810231,5.700637392,4.389140824,17.06287563,17.06287563,17.06287563,17.06287563
4/1/1975,-0.941179599,-0.42508053,4.218199451,2.821876281,4.697810231,5.700637392,4.218199451,4.934550309,17.43852336,17.43852336,17.43852336,17.43852336
7/1/1975,-2.834774245,2.819873027,2.132760492,4.697810231,5.700637392,4.218199451,2.132760492,8.007224918,16.74940757,16.74940757,16.74940757,16.74940757
10/1/1975,-0.193951199,-0.244630295,3.346432778,5.700637392,4.218199451,2.132760492,3.346432778,4.604877233,15.39803011,15.39803011,15.39803011,15.39803011
1/1/1976,-1.034060061,-0.406407629,2.157617246,4.218199451,2.132760492,3.346432778,2.157617246,3.557344863,11.85500997,11.85500997,11.85500997,11.85500997
4/1/1976,-2.362215046,0.858329182,0.839404964,2.132760492,3.346432778,2.157617246,0.839404964,3.977383052,8.47621548,8.47621548,8.47621548,8.47621548
7/1/1976,-0.643749318,-1.790882373,1.555059566,3.346432778,2.157617246,0.839404964,1.555059566,1.183746265,7.898514555,7.898514555,7.898514555,7.898514555
10/1/1976,0.575598215,0.453752883,2.533384028,2.157617246,0.839404964,1.555059566,2.533384028,3.225119334,7.085465804,7.085465804,7.085465804,7.085465804
1/1/1977,1.714660255,0.363544759,4.350037693,0.839404964,1.555059566,2.533384028,4.350037693,3.683016321,9.277886251,9.277886251,9.277886251,9.277886251
4/1/1977,0.086031732,1.588025752,3.83940042,1.555059566,2.533384028,4.350037693,3.83940042,5.657496178,12.27788171,12.27788171,12.27788171,12.27788171
7/1/1977,0.59946098,0.829323818,4.875236225,2.533384028,4.350037693,3.83940042,4.875236225,5.72883841,15.59805837,15.59805837,15.59805837,15.59805837
10/1/1977,1.48345623,-0.70083546,5.969310888,4.350037693,3.83940042,4.875236225,5.969310888,5.057660847,19.03398523,19.03398523,19.03398523,19.03398523
1/1/1978,-0.531252879,1.263459475,4.806565966,3.83940042,4.875236225,5.969310888,4.806565966,7.13608785,19.4905135,19.4905135,19.4905135,19.4905135
4/1/1978,-0.156069616,-0.970318994,5.154281126,4.875236225,5.969310888,4.806565966,5.154281126,5.231029557,20.8053942,20.8053942,20.8053942,20.8053942
7/1/1978,0.35938701,1.499956767,5.343725847,5.969310888,4.806565966,5.154281126,5.343725847,7.818427724,21.27388383,21.27388383,21.27388383,21.27388383
10/1/1978,-2.050557162,1.124793716,3.148645627,4.806565966,5.154281126,5.343725847,3.148645627,6.738098357,18.45321857,18.45321857,18.45321857,18.45321857
1/1/1979,0.238108631,-0.147116542,4.635057221,5.154281126,5.343725847,3.148645627,4.635057221,5.423310913,18.28170982,18.28170982,18.28170982,18.28170982
4/1/1979,0.304677556,2.569885227,4.418158695,5.343725847,3.148645627,4.635057221,4.418158695,7.956282074,17.54558739,17.54558739,17.54558739,17.54558739
7/1/1979,-0.476560387,1.860905565,4.14472598,3.148645627,4.635057221,4.418158695,4.14472598,6.947552446,16.34658752,16.34658752,16.34658752,16.34658752
10/1/1979,-0.429016635,0.693827303,3.996137235,4.635057221,4.418158695,4.14472598,3.996137235,5.992347085,17.19407913,17.19407913,17.19407913,17.19407913
1/1/1980,-0.413034486,-0.569186087,3.8433108,4.418158695,4.14472598,3.996137235,3.8433108,4.53139709,16.40233271,16.40233271,16.40233271,16.40233271
4/1/1980,-1.625720648,1.903536739,2.510058566,4.14472598,3.996137235,3.8433108,2.510058566,6.527094884,14.49423258,14.49423258,14.49423258,14.49423258
7/1/1980,0.043966331,0.623725181,3.585314077,3.996137235,3.8433108,2.510058566,3.585314077,5.10743035,13.93482068,13.93482068,13.93482068,13.93482068
10/1/1980,-0.986806674,0.421349744,2.451342383,3.8433108,2.510058566,3.585314077,2.451342383,4.5188562,12.39002583,12.39002583,12.39002583,12.39002583
1/1/1981,-1.076697639,1.385484553,2.337964945,2.510058566,3.585314077,2.451342383,2.337964945,5.106654546,10.88467997,10.88467997,10.88467997,10.88467997
4/1/1981,0.941032677,-1.189895894,3.856755609,3.585314077,2.451342383,2.337964945,3.856755609,2.86794836,12.23137701,12.23137701,12.23137701,12.23137701
7/1/1981,2.593469679,-0.510497027,6.0713579,2.451342383,2.337964945,3.856755609,6.0713579,4.168858182,14.71742084,14.71742084,14.71742084,14.71742084
10/1/1981,-0.944164488,-1.385065809,4.027080916,2.337964945,3.856755609,6.0713579,4.027080916,3.688224034,16.29315937,16.29315937,16.29315937,16.29315937
1/1/1982,-0.090425418,-0.61783698,4.948950109,3.856755609,6.0713579,4.027080916,4.948950109,5.108199154,18.90414453,18.90414453,18.90414453,18.90414453
4/1/1982,-0.5156323,-1.431885818,4.074780109,6.0713579,4.027080916,4.948950109,4.074780109,4.348656441,19.12216903,19.12216903,19.12216903,19.12216903
7/1/1982,-1.221126908,0.645972364,3.388365179,4.027080916,4.948950109,4.074780109,3.388365179,5.755766442,16.43917631,16.43917631,16.43917631,16.43917631
10/1/1982,-0.55405126,-0.073364274,3.431206855,4.948950109,4.074780109,3.388365179,3.431206855,4.887461289,15.84330225,15.84330225,15.84330225,15.84330225
1/1/1983,-1.574861915,0.401848689,2.152966898,4.074780109,3.388365179,3.431206855,2.152966898,4.66367845,13.04731904,13.04731904,13.04731904,13.04731904
4/1/1983,0.918590253,0.352982713,4.152259754,3.388365179,3.431206855,2.152966898,4.152259754,4.634182385,13.12479869,13.12479869,13.12479869,13.12479869
7/1/1983,1.349501863,-0.172148189,4.871592524,3.431206855,2.152966898,4.152259754,4.871592524,4.479858319,14.60802603,14.60802603,14.60802603,14.60802603
10/1/1983,-0.504079056,0.131398734,4.105461855,2.152966898,4.152259754,4.871592524,4.105461855,4.951968992,15.28228103,15.28228103,15.28228103,15.28228103
1/1/1984,0.271760252,0.670849074,4.862582004,4.152259754,4.871592524,4.105461855,4.862582004,6.168823109,17.99189614,17.99189614,17.99189614,17.99189614
4/1/1984,-0.562342196,-0.212097943,4.024875348,4.871592524,4.105461855,4.862582004,4.024875348,5.254029989,17.86451173,17.86451173,17.86451173,17.86451173
7/1/1984,-1.405415702,0.056470393,3.149567238,4.105461855,4.862582004,4.024875348,3.149567238,5.092092005,16.14248645,16.14248645,16.14248645,16.14248645
10/1/1984,0.443587729,0.383904207,4.313364764,4.862582004,4.024875348,3.149567238,4.313364764,5.471501545,16.35038935,16.35038935,16.35038935,16.35038935
1/1/1985,0.938299454,1.306426406,4.923472255,4.024875348,3.149567238,4.313364764,4.923472255,6.409246308,16.4112796,16.4112796,16.4112796,16.4112796
4/1/1985,0.144352441,-0.528762715,4.839087249,3.149567238,4.313364764,4.923472255,4.839087249,4.777610161,17.22549151,17.22549151,17.22549151,17.22549151
7/1/1985,1.546179173,-0.23311438,6.451202974,4.313364764,4.923472255,4.839087249,6.451202974,5.89866743,20.52712724,20.52712724,20.52712724,20.52712724
10/1/1985,-0.681158305,-0.430399322,4.834957784,4.923472255,4.839087249,6.451202974,4.834957784,5.831780744,21.04872026,21.04872026,21.04872026,21.04872026
1/1/1986,0.769161315,0.265832102,6.283625618,4.839087249,6.451202974,4.834957784,6.283625618,6.868050509,22.40887363,22.40887363,22.40887363,22.40887363
4/1/1986,1.024797217,-1.668133733,6.472230578,6.451202974,4.834957784,6.283625618,6.472230578,5.342370505,24.04201695,24.04201695,24.04201695,24.04201695
7/1/1986,0.926308205,1.087360505,7.028650684,4.834957784,6.283625618,6.472230578,7.028650684,8.242226672,24.61946466,24.61946466,24.61946466,24.61946466
10/1/1986,-0.360917016,-0.505646821,6.039435489,6.283625618,6.472230578,7.028650684,6.039435489,6.950338771,25.82394237,25.82394237,25.82394237,25.82394237
1/1/1987,-0.425067329,1.056955116,5.802167141,6.472230578,7.028650684,6.039435489,5.802167141,8.392576089,25.34248389,25.34248389,25.34248389,25.34248389
4/1/1987,0.390738367,-1.854833264,6.127379419,7.028650684,6.039435489,5.802167141,6.127379419,5.39457492,24.99763273,24.99763273,24.99763273,24.99763273
7/1/1987,-0.565769288,-0.046594373,5.206049336,6.039435489,5.802167141,6.127379419,5.206049336,6.747163473,23.17503138,23.17503138,23.17503138,23.17503138
10/1/1987,1.811709863,-1.597798044,7.345081365,5.802167141,6.127379419,5.206049336,7.345081365,5.522371271,24.48067726,24.48067726,24.48067726,24.48067726
1/1/1988,0.714992802,2.105200388,6.735445082,6.127379419,5.206049336,7.345081365,6.735445082,9.458689188,25.4139552,25.4139552,25.4139552,25.4139552
4/1/1988,1.426018772,-0.776329659,8.058229351,5.206049336,7.345081365,6.735445082,8.058229351,7.059871624,27.34480513,27.34480513,27.34480513,27.34480513
7/1/1988,-0.802968909,1.043775857,6.114500864,7.345081365,6.735445082,8.058229351,6.114500864,9.107090022,28.25325666,28.25325666,28.25325666,28.25325666
10/1/1988,2.239357116,-1.025626385,8.908449202,6.735445082,8.058229351,6.114500864,8.908449202,7.42852974,29.8166245,29.8166245,29.8166245,29.8166245
1/1/1989,-0.805751767,1.472483939,6.203428259,8.058229351,6.114500864,8.908449202,6.203428259,9.793635858,29.28460768,29.28460768,29.28460768,29.28460768
4/1/1989,-0.064029414,-1.599644331,6.98072157,6.114500864,8.908449202,6.203428259,6.98072157,6.452130643,28.2070999,28.2070999,28.2070999,28.2070999
7/1/1989,-0.625494756,-0.155073651,5.648165176,8.908449202,6.203428259,6.98072157,5.648165176,7.780117401,27.74076421,27.74076421,27.74076421,27.74076421
10/1/1989,0.626686284,-0.870701591,6.678240983,6.203428259,6.98072157,5.648165176,6.678240983,6.506937406,25.51055599,25.51055599,25.51055599,25.51055599
1/1/1990,-0.015672562,0.601600167,5.914889901,6.98072157,5.648165176,6.678240983,5.914889901,7.907104574,25.22201763,25.22201763,25.22201763,25.22201763
4/1/1990,-1.876527655,-2.03188244,4.160724699,5.648165176,6.678240983,5.914889901,4.160724699,4.56862275,22.40202076,22.40202076,22.40202076,22.40202076
7/1/1990,0.808012858,-0.533853582,5.838258698,6.678240983,5.914889901,4.160724699,5.838258698,6.114174988,22.59211428,22.59211428,22.59211428,22.59211428
10/1/1990,0.028193851,-1.367300508,5.02778721,5.914889901,4.160724699,5.838258698,5.02778721,4.868114619,20.94166051,20.94166051,20.94166051,20.94166051
1/1/1991,0.561526106,1.26337897,5.907944469,4.160724699,5.838258698,5.02778721,5.907944469,7.497057739,20.93471508,20.93471508,20.93471508,20.93471508
4/1/1991,1.826797511,0.469076058,7.201090182,5.838258698,5.02778721,5.907944469,7.201090182,7.462846198,23.97508056,23.97508056,23.97508056,23.97508056
7/1/1991,0.761404382,0.952218076,7.005018243,5.02778721,5.907944469,7.201090182,7.005018243,8.237678102,25.1418401,25.1418401,25.1418401,25.1418401
10/1/1991,0.021025623,-1.673799281,6.703468993,5.907944469,7.201090182,7.005018243,6.703468993,6.030581191,26.81752189,26.81752189,26.81752189,26.81752189
1/1/1992,-0.591976009,-0.77492896,5.891418885,7.201090182,7.005018243,6.703468993,5.891418885,6.925320116,26.8009963,26.8009963,26.8009963,26.8009963
4/1/1992,-0.665930362,-0.261663111,5.372024789,7.005018243,6.703468993,5.891418885,5.372024789,6.981319617,24.97193091,24.97193091,24.97193091,24.97193091
7/1/1992,0.269207188,0.105278682,5.774584658,6.703468993,5.891418885,5.372024789,5.774584658,7.040653013,23.74149733,23.74149733,23.74149733,23.74149733
10/1/1992,0.580045738,1.062004153,6.038689517,5.891418885,5.372024789,5.774584658,6.038689517,7.831183616,23.07671785,23.07671785,23.07671785,23.07671785
1/1/1993,-2.196728513,-0.306538406,3.528581157,5.372024789,5.774584658,6.038689517,3.528581157,5.871931625,20.71388012,20.71388012,20.71388012,20.71388012
4/1/1993,-1.53872176,0.409104732,3.28818651,5.774584658,6.038689517,3.528581157,3.28818651,6.066615192,18.63004184,18.63004184,18.63004184,18.63004184
7/1/1993,-1.297013598,1.029172733,2.429693469,6.038689517,3.528581157,3.28818651,2.429693469,5.850460396,15.28515065,15.28515065,15.28515065,15.28515065
10/1/1993,-0.925971545,0.218317283,2.361180446,3.528581157,3.28818651,2.429693469,2.361180446,4.120227679,11.60764158,11.60764158,11.60764158,11.60764158
1/1/1994,-0.879696466,0.788868171,2.0366531,3.28818651,2.429693469,2.361180446,2.0366531,4.317796552,10.11571352,10.11571352,10.11571352,10.11571352
4/1/1994,-0.03212717,0.378421603,2.727006248,2.429693469,2.361180446,2.0366531,2.727006248,3.767054918,9.554533262,9.554533262,9.554533262,9.554533262
7/1/1994,0.188788917,0.560279555,3.094252656,2.361180446,2.0366531,2.727006248,3.094252656,4.115052667,10.21909245,10.21909245,10.21909245,10.21909245
10/1/1994,-1.470885039,2.003405061,1.857618523,2.0366531,2.727006248,3.094252656,1.857618523,5.432287692,9.715530526,9.715530526,9.715530526,9.715530526
1/1/1995,-0.356329304,-1.389846272,2.624419167,2.727006248,3.094252656,1.857618523,2.624419167,2.185977877,10.30329659,10.30329659,10.30329659,10.30329659
4/1/1995,-0.201059724,-0.328802334,2.591755352,3.094252656,1.857618523,2.624419167,2.591755352,3.213209091,10.1680457,10.1680457,10.1680457,10.1680457
7/1/1995,-1.386514487,1.684542686,1.699955321,1.857618523,2.624419167,2.591755352,1.699955321,4.877979776,8.773748363,8.773748363,8.773748363,8.773748363
10/1/1995,1.134351023,-0.17187629,3.851035293,2.624419167,2.591755352,1.699955321,3.851035293,3.519914993,10.76716513,10.76716513,10.76716513,10.76716513
1/1/1996,0.8100508,0.174348943,4.030447045,2.591755352,1.699955321,3.851035293,4.030447045,4.217647195,12.17319301,12.17319301,12.17319301,12.17319301
4/1/1996,-0.03811899,0.272856265,4.114473945,1.699955321,3.851035293,4.030447045,4.114473945,4.696834166,13.6959116,13.6959116,13.6959116,13.6959116
7/1/1996,-0.660035365,0.089949444,3.597933031,3.851035293,4.030447045,4.114473945,3.597933031,4.988421773,15.59388931,15.59388931,15.59388931,15.59388931
10/1/1996,-1.279131849,0.475577803,2.805830941,4.030447045,4.114473945,3.597933031,2.805830941,5.112749044,14.54868496,14.54868496,14.54868496,14.54868496
1/1/1997,0.912879696,-0.094353299,4.474385285,4.114473945,3.597933031,2.805830941,4.474385285,4.653802501,14.9926232,14.9926232,14.9926232,14.9926232
4/1/1997,0.589631579,1.687540262,4.50171807,3.597933031,2.805830941,4.474385285,4.50171807,6.532507094,15.37986733,15.37986733,15.37986733,15.37986733
7/1/1997,1.298398143,0.834608096,5.888839485,2.805830941,4.474385285,4.50171807,5.888839485,6.252301542,17.67077378,17.67077378,17.67077378,17.67077378
10/1/1997,1.02729601,1.063920427,6.183519032,4.474385285,4.50171807,5.888839485,6.183519032,7.326035895,21.04846187,21.04846187,21.04846187,21.04846187
1/1/1998,-0.796732118,-0.754780087,5.032211289,4.50171807,5.888839485,6.183519032,5.032211289,5.646791882,21.60628788,21.60628788,21.60628788,21.60628788
4/1/1998,0.71942014,-1.816387305,6.205712268,5.888839485,6.183519032,5.032211289,6.205712268,5.011183213,23.31028207,23.31028207,23.31028207,23.31028207
7/1/1998,1.348437512,-1.423516892,6.843606935,6.183519032,5.032211289,6.205712268,6.843606935,5.642745488,24.26504952,24.26504952,24.26504952,24.26504952
10/1/1998,-1.447195423,-1.60673732,4.772532258,5.032211289,6.205712268,6.843606935,4.772532258,5.106778367,22.85406275,22.85406275,22.85406275,22.85406275
1/1/1999,-0.696743487,-0.610538227,4.94971219,6.205712268,6.843606935,4.772532258,4.94971219,6.082352686,22.77156365,22.77156365,22.77156365,22.77156365
4/1/1999,0.345900713,-0.496853801,5.234798492,6.843606935,4.772532258,4.94971219,5.234798492,5.953308668,21.80064988,21.80064988,21.80064988,21.80064988
7/1/1999,0.109430732,-0.644769694,5.183235005,4.772532258,4.94971219,5.234798492,5.183235005,5.390299793,20.14027795,20.14027795,20.14027795,20.14027795
10/1/1999,1.742197566,1.33154245,6.909410965,4.94971219,5.234798492,5.183235005,6.909410965,7.900831613,22.27715665,22.27715665,22.27715665,22.27715665
1/1/2000,-0.408987622,-0.498988803,5.428070766,5.234798492,5.183235005,6.909410965,5.428070766,6.189890004,22.75551523,22.75551523,22.75551523,22.75551523
4/1/2000,-1.051664788,-0.702379947,4.883327904,5.183235005,6.909410965,5.428070766,4.883327904,5.898631213,22.40404464,22.40404464,22.40404464,22.40404464
7/1/2000,0.853246104,-1.046430968,5.977805571,6.909410965,5.428070766,4.883327904,5.977805571,5.753222834,23.19861521,23.19861521,23.19861521,23.19861521
10/1/2000,0.127358641,0.588220643,5.471812031,5.428070766,4.883327904,5.977805571,5.471812031,7.028474711,21.76101627,21.76101627,21.76101627,21.76101627
1/1/2001,-1.656825539,-0.774405881,3.923021502,4.883327904,5.977805571,5.471812031,3.923021502,5.289585871,20.25596701,20.25596701,20.25596701,20.25596701
4/1/2001,-1.452402258,0.034944586,3.305531156,5.977805571,5.471812031,3.923021502,3.305531156,5.704487151,18.67817026,18.67817026,18.67817026,18.67817026
7/1/2001,0.224683294,3.295892675,4.116104357,5.471812031,3.923021502,3.305531156,4.116104357,8.500009937,16.81646905,16.81646905,16.81646905,16.81646905
10/1/2001,0.843261884,-1.70155514,4.811916089,3.923021502,3.305531156,4.116104357,4.811916089,3.337588136,16.1565731,16.1565731,16.1565731,16.1565731
1/1/2002,2.182107052,0.665598404,6.75331523,3.305531156,4.116104357,4.811916089,6.75331523,6.412315112,18.98686683,18.98686683,18.98686683,18.98686683
4/1/2002,-0.967616435,-1.144120975,4.658476093,4.116104357,4.811916089,6.75331523,4.658476093,4.940831967,20.33981177,20.33981177,20.33981177,20.33981177
7/1/2002,0.89555905,0.054254087,6.460275579,4.811916089,6.75331523,4.658476093,6.460275579,6.725249835,22.68398299,22.68398299,22.68398299,22.68398299
10/1/2002,-0.5926839,0.45282106,4.854816768,6.75331523,4.658476093,6.460275579,4.854816768,7.134541978,22.72688367,22.72688367,22.72688367,22.72688367
1/1/2003,-1.598470323,-1.974150271,3.927566616,4.658476093,6.460275579,4.854816768,3.927566616,4.001133493,19.90113506,19.90113506,19.90113506,19.90113506
4/1/2003,0.495289439,0.8420024,5.008242793,6.460275579,4.854816768,3.927566616,5.008242793,6.90472784,20.25090176,20.25090176,20.25090176,20.25090176
7/1/2003,0.386612087,-0.17701597,4.96093585,4.854816768,3.927566616,5.008242793,4.96093585,5.510874537,18.75156203,18.75156203,18.75156203,18.75156203
10/1/2003,2.045945682,0.932045635,7.033617139,3.927566616,5.008242793,4.96093585,7.033617139,7.164636235,20.9303624,20.9303624,20.9303624,20.9303624
1/1/2004,0.092595376,0.246235097,5.890416572,5.008242793,4.96093585,7.033617139,5.890416572,6.969538185,22.89321235,22.89321235,22.89321235,22.89321235
4/1/2004,0.301647589,1.504571601,6.471261073,4.96093585,7.033617139,5.890416572,6.471261073,8.59362926,24.35623063,24.35623063,24.35623063,24.35623063
7/1/2004,-0.013801134,0.88407855,5.930869924,7.033617139,5.890416572,6.471261073,5.930869924,8.215619727,25.32616471,25.32616471,25.32616471,25.32616471
10/1/2004,0.992465279,0.879925465,6.953317678,5.890416572,6.471261073,5.930869924,6.953317678,8.191391776,25.24586525,25.24586525,25.24586525,25.24586525
1/1/2005,0.147427487,1.00642053,6.301102527,6.471261073,5.930869924,6.953317678,6.301102527,8.420558331,25.6565512,25.6565512,25.6565512,25.6565512
4/1/2005,0.075193802,0.93616102,6.376961884,5.930869924,6.953317678,6.301102527,6.376961884,8.326724023,25.56225201,25.56225201,25.56225201,25.56225201
7/1/2005,-1.256831571,-0.678002943,4.814394193,6.953317678,6.301102527,6.376961884,4.814394193,6.433441128,24.44577628,24.44577628,24.44577628,24.44577628
10/1/2005,0.086985273,1.608022034,5.563527704,6.301102527,6.376961884,4.814394193,5.563527704,8.372018611,23.05598631,23.05598631,23.05598631,23.05598631
1/1/2006,0.850747132,-0.658949042,6.001915891,6.376961884,4.814394193,5.563527704,6.001915891,6.030250877,22.75679967,22.75679967,22.75679967,22.75679967
4/1/2006,-0.384131281,0.895058709,5.242046157,4.814394193,5.563527704,6.001915891,5.242046157,7.300529696,21.62188395,21.62188395,21.62188395,21.62188395
7/1/2006,0.466268489,1.744480634,5.963853308,5.563527704,6.001915891,5.242046157,5.963853308,8.437316399,22.77134306,22.77134306,22.77134306,22.77134306
10/1/2006,-2.947139713,-1.632694305,2.535220073,6.001915891,5.242046157,5.963853308,2.535220073,4.303064552,19.74303543,19.74303543,19.74303543,19.74303543
1/1/2007,1.114506416,1.02087229,5.514135768,5.242046157,5.963853308,2.535220073,5.514135768,6.834686117,19.25525531,19.25525531,19.25525531,19.25525531
4/1/2007,-0.060365851,-0.451101631,4.159376486,5.963853308,2.535220073,5.514135768,4.159376486,5.092044778,18.17258564,18.17258564,18.17258564,18.17258564
7/1/2007,0.491782291,-0.545653679,5.361187193,2.535220073,5.514135768,4.159376486,5.361187193,4.8468262,17.56991952,17.56991952,17.56991952,17.56991952
10/1/2007,-0.055122945,1.533048032,4.753102527,5.514135768,4.159376486,5.361187193,4.753102527,7.479998526,19.78780197,19.78780197,19.78780197,19.78780197
1/1/2008,0.442189854,1.718810478,5.487905742,4.159376486,5.361187193,4.753102527,5.487905742,7.659203465,19.76157195,19.76157195,19.76157195,19.76157195
4/1/2008,1.349002482,0.33598798,6.44540579,5.361187193,4.753102527,5.487905742,6.44540579,6.847888292,22.04760125,22.04760125,22.04760125,22.04760125
7/1/2008,1.392347636,-0.814644613,7.165672248,4.753102527,5.487905742,6.44540579,7.165672248,6.148376963,23.85208631,23.85208631,23.85208631,23.85208631
10/1/2008,-0.246512411,-1.11112899,6.197918804,5.487905742,6.44540579,7.165672248,6.197918804,6.213096656,25.29690258,25.29690258,25.29690258,25.29690258
1/1/2009,-0.362202741,0.807053878,5.98323368,6.44540579,7.165672248,6.197918804,5.98323368,8.255111508,25.79223052,25.79223052,25.79223052,25.79223052
4/1/2009,-1.704533456,-0.138926279,4.167927538,7.165672248,6.197918804,5.98323368,4.167927538,6.739761788,23.51475227,23.51475227,23.51475227,23.51475227
7/1/2009,-0.067122443,-1.451868839,4.993342044,6.197918804,5.98323368,4.167927538,4.993342044,4.883736677,21.34242207,21.34242207,21.34242207,21.34242207
10/1/2009,0.764418722,-0.783938084,5.428926555,5.98323368,4.167927538,4.993342044,5.428926555,5.35941937,20.57342982,20.57342982,20.57342982,20.57342982
1/1/2010,2.265247064,0.512102824,7.434154504,4.167927538,4.993342044,5.428926555,7.434154504,7.018190484,22.02435064,22.02435064,22.02435064,22.02435064
4/1/2010,-0.438181637,-0.30288774,5.707050787,4.993342044,5.428926555,7.434154504,5.707050787,6.587980732,23.56347389,23.56347389,23.56347389,23.56347389
7/1/2010,-1.196178154,0.522227989,5.060303962,5.428926555,7.434154504,5.707050787,5.060303962,7.429836941,23.63043581,23.63043581,23.63043581,23.63043581
10/1/2010,-1.204886442,0.926301513,4.102055458,7.434154504,5.707050787,5.060303962,4.102055458,7.502192691,22.30356471,22.30356471,22.30356471,22.30356471
1/1/2011,-0.023954917,-1.219130262,4.640988852,5.707050787,5.060303962,4.102055458,4.640988852,4.658469502,19.51039906,19.51039906,19.51039906,19.51039906
4/1/2011,-1.45180018,0.563253065,3.045417544,5.060303962,4.102055458,4.640988852,3.045417544,5.775444519,16.84876582,16.84876582,16.84876582,16.84876582
7/1/2011,1.213476344,0.554209879,5.288038902,4.102055458,4.640988852,3.045417544,5.288038902,5.823335068,17.07650076,17.07650076,17.07650076,17.07650076
10/1/2011,0.098460771,2.136520212,4.431843349,4.640988852,3.045417544,5.288038902,4.431843349,7.488092373,17.40628865,17.40628865,17.40628865,17.40628865
1/1/2012,1.408713035,-1.579900162,6.296665936,3.045417544,5.288038902,4.431843349,6.296665936,4.185591271,19.06196573,19.06196573,19.06196573,19.06196573
4/1/2012,-1.26785339,-0.021790743,4.023550324,5.288038902,4.431843349,6.296665936,4.023550324,5.988233884,21.31825587,20.04009851,20.04009851,20.04009851
7/1/2012,-0.910680469,0.868902006,4.217406035,4.431843349,6.296665936,4.023550324,4.217406035,6.611268416,21.49290373,19.66982717,18.96946564,18.96946564
10/1/2012,-1.393125176,-0.976049912,2.903257368,6.296665936,4.023550324,4.217406035,2.903257368,4.384170004,22.27787471,19.80357916,18.80381595,17.44087966
